MMORPG	Windows	마비노기 영웅전	데브캣	㈜넥슨	2009.12.16	15세이용가	마비노기'의 세계관을 배경으로 삼은 '마비노기 영웅전'은 소스 엔진을 기반으로 개발된 MORPG다. 베고, 찌르고, 차는 액션 외에 기둥, 항아리 등 주변 사물을 이용하거나 갈고리 사슬과 창 등 다양한 보조 무기 공격 등 온라인게임에서 보기 어려운 다양한 액션을 게임에서 확인할 수 있다.	//www.youtube.com/embed/QsOOGCU248U	/ch/MabinHero1.jpg	/ch/MabinHero2.jpg		5	3	2	2	1
액션,RPG	Windows	던전 앤 파이터	㈜네오플	㈜넥슨	2005.08.10	12세이용가	횡스크롤 온라인 액션 게임 '던전앤파이터'는 콘솔 게임에서 볼 수 있었던 빠른 스피드와 정확한 타격 판정을 장점으로 내세웠다. 또한 공중 콤보, 다운 공격, 스킬 캔슬 등 과거 오락실에서 즐겼던 벨트스크롤 액션 게임 요소를 도입하여 누구나 쉽고 재미있게 즐길 수 있도록 구성했다.	//www.youtube.com/embed/IChzrPynd7s	/ch/DungeonF1.jpg	/ch/DungeonF2.jpg		5	4	2	3	2
TGC,전략시뮬레이션	Windows	리그 오브 레전드	라이엇게임즈	라이엇게임즈코리아	2011.12.12	12세이용가	리그 오브 레전드'는 실시간 전투와 협동을 통한 팀플레이를 주요 콘텐츠로 내세운 AOS 게임이다. 플레이어는 100명이 넘는 챔피언 중 한 명을 골라서 다른 유저와 팀을 이루어 게임을 즐길 수 있다. 전투 전에 룬과 특성, 소환사 주문을 자신의 플레이에 맞게 설정할 수 있으며, 각 챔피언의 역할에 따른 장단점, 순간순간 달라지는 전황, 아이템을 통한 상황 역전 등을 게임에서 만날 수 있다.	//www.youtube.com/embed/tEnsqpThaFg	/ch/League1.jpg	/ch/League2.jpg		2	5	4	4	2
액션	xbox360	씨프	에이도스	인트라게임즈	41698		어둠 속에 숨어 있던 대도둑 가렛이 드디어 세상 밖으로 나왔습니다. 공포와 억압의 분위기가 바론의 시계와 함께 퍼지면서 도시의 거리는 알 수 없는 병마에 사로잡혔습니다. 민중을 이끄는 오리온을 통해 국민들은 피의 혁명을 위한 기지개를 켭니다. 가렛의 절도 기술은 모두 여러 겹의 혼돈이 점철된 정치와 민중의 사이에 놓인 가는 줄을 타는 것처럼 아슬아슬한 신뢰를 바탕으로 합니다. 시간이 지날수록 대도둑 가렛은 종국에는 그가 살고 있는 세상을 파멸로 몰아넣고 말, 자신의 어두운 과거에 감춰져 있던 끔찍한 비밀을 풀어갑니다.	//www.youtube.com/embed/5IZQOk6wSqw	/mj/small/1.png	/mj/big/1-2.jpg		5	4	2	1	4
스포츠	PC,PS3,XBOX360,PSVITA,PS4,XBOX ONE	피파 15	EA	EA코리아	9/23/2014	전체이용가	피파 15'는 대표적인 축구 게임 '피파' 시리즈 신작이다. '피파 15'는 '이모셔널 인텔리전스'를 도입하여 경기 중인 22명의 선수 모두의 감정 상태를 표현할 수 있게 되었다. '오쎈틱 플레이어 비주얼'로 경기의 모든 것을 생동감 있게 구현했으며 600가지가 넘는 리액션 애니메이션, 물리 기반 렌더링 도입 등으로 더욱 사실적인 경기를 즐길 수 있게 되었다	//www.youtube.com/embed/0D9PfZcs0E8	/mj/small/2.png	/mj/big/2-2.jpg		5	1	3	1	4
액션	XBOX360	바이오 하자드 5	캡콤	캡콤엔터테인먼트코리아	3/13/2009	18세	바이오 하자드 5'는 캡콤의 호러 액션 '바이오 하자드' 시리즈 다섯 번째 넘버링 타이틀이다. 이번 작품에는 1편의 주인공 '크리스 레드필드'가 다시 주인공으로 등장하며, 새로운 여성 캐릭터인 '쉐바 아로마'가 크리스를 돕는 협력자로 등장한다. 2명의 '유대'를 중요한 테마로 내세운 '바이오 하자드 5'에서 플레이어는 크리스와 쉐바를 교대로 조작하여 새로운 음모와 전투를 펼치게 된다	//www.youtube.com/embed/P_L-CAT08Ac	/mj/small/3.jpg	/mj/big/3-2.png		4	2	3	5	5
TPS	XBOX360	플랜츠 vs 좀비 가든 워페어	팝캡게임즈	EA코리아	2014. 02. 25	12세	플랜츠 vs 좀비 가든 워페어'는 디펜스 게임 '플랜츠 vs 좀비'를 소재로 개발된 TPS 게임이다. 프로스트바이트 3 엔진을 기반으로 개발된 '플랜츠 vs 좀비 가든워페어'에서 플레이어는 각각의 스타일을 갖고 있는 식물을 선택하여 좀비와 전투를 벌일 수 있다. 일반 보병의 역할을 맡은 '콩슈터'와 힐링 및 보조 역할을 하는 '해바라기', 근접 공격을 사용하는 '촘퍼', 원거리에서 스나이퍼 역할을 맡는 '선인장' 등이 게임에 등장하며, 보스 좀비와의 전투 역시 등장한다	//www.youtube.com/embed/PZtxWQl4p1k	/mj/small/4.jpg	/mj/big/4-2.jpg		4	4	2	3	2
어드벤처	XBOX361	더 울프 어몽 어스	텔테일게임즈	텔테일게임즈	2013. 10. 10		더 울프 어몽 어스'는 DC 코믹스 만화 '페이블'을 원작으로 한 어드벤처 게임이다. 플레이어는 마을 보안관으로 활약하는 웨어휴먼 '빅바이'가 되어 마을에서 일어나는 여러 가지 사건을 해결해 나간다. 미국 카툰 특유의 방식으로 미국식 도시와 판타지가 융합된 도시, 여러 가지 인물을 표현했으며 원작과 마찬가지로 사회 풍자적인 내용도 게임에 수록했다	//www.youtube.com/embed/NK3kQPrTuD4	/mj/small/5.png	/mj/big/5-2.jpg		5	2	3	1	4
TPS	PS3,XBOX360	데드풀: 더 게임	하이문스튜디오	액티비전블리자드	2013. 06. 25		데드풀: 더 게임'은 마블코믹스의 슈퍼 히어로 '데드풀'을 소재로 삼은 게임이다. 1991년 탄생한 '데드풀'은 기존 영웅과 다른 '안티 히어로'이며 예측할 수 없는 정신 세계와 지칠 줄 모르는 수다가 특징인 영웅이다. 게임에서는 이도류와 쌍권총을 활용한 '데드풀'의 화려한 액션과 함께 쉴 틈 없는 수다를 볼 수 있다. 또한 개틀링건을 이용한 지형지물 파괴, 적의 목을 베는 참수 액션 등도 확인할 수 있다	//www.youtube.com/embed/I7nWsViPKrc	/mj/small/6.png	/mj/big/6-2.jpg		4	4	3	2	2
어드벤처	XBOX360	키넥트 러시: 디즈니 픽사 어드벤처	아소보스튜디오	한국마이크로소프트	2012. 03. 20	전체이용가	키넥트 러시: 디즈니 픽사 어드벤처'는 디즈니와 픽사 영화의 다양한 캐릭터와 만날 수 있는 게임이다. 키넥트를 이용한 전신 스캔을 통해 사용자의 모습이 각 애니메이션 캐릭터 모습에 반영되어 스크린 속에 구현되며 캐릭터들과 함께 퍼즐을 풀고 각종 액션을 펼쳐 나가게 된다	//www.youtube.com/embed/H9oaAOKaiIg	/mj/small/7.png	/mj/big/7-2.jpg		3	2	3	4	1
액션	PS4,PS3,XBOX360,XBOX ONE	GTA 5	락스타게임즈	H2인터랙티브	2013. 09. 17	18세	GTA 5'는 오픈월드 게임 'GTA'의 다섯 번째 정식 넘버링 작품이다. 'GTA 5'는 미국 서부의 도시 로스엔젤레스를 재현한 로스산토스를 배경으로 삼았다. 게임에는 트레버, 프랭클린, 마이클 등 세 명의 주인공과 전작의 주요 인물들이 등장한다. 이전보다 더욱 넓어진 맵과 다채로운 콘텐츠, 주인공들의 교차되는 스토리 등을 게임에서 만날 수 있다	//www.youtube.com/embed/HqZXw5M6qQY	/mj/small/8.png	/mj/big/8-2.jpg		4	3	5	4	2
FPS	XBOX360,아케이드	레프트 4 데드	터틀락스튜디오	벨브	2008. 11. 20	18세	레프트 4 데드'는 바이러스로 인해 세상을 뒤엎은 좀비 무리에 맞서 싸우는 생존자 4명의 이야기를 그린 게임이다. 캠페인과 싱글, 대전 등 3가지 플레이 모드와 20개의 맵, 10가지 무기 등을 게임에서 만날 수 있다. 대전 모드에서는 생존자 뿐 아니라 좀비 보스를 조작하여 게임을 즐길 수 있으며 온라인을 통한 협력 플레이도 가능하다	//www.youtube.com/embed/Qz81fKcPVQ8	/mj/small/9.png	/mj/big/9-2.jpg		3	3	2	3	2
레이싱	PS3,XBOX360	번아웃: 파라다이스	크라이테리온게임즈	EA코리아	2008. 01. 24	12세	‘번아웃 파라다이스’에서 플레이어는 레이싱 추격전과 상대의 차량을 테이크 다운하는 묘미, 교통법규를 무시하고 파라다이스 시티를 누비며 질주하는 스릴과 스피드 등을 즐길 수 있다. 또한 싱글 플레이로 게임을 즐기다가 대기나 재시작 등 복잡한 절차 없이 버튼 하나로 친구들과 온라인 멀티 플레이를 즐길 수 있는 모드를 도입했다	//www.youtube.com/embed/CjFeJ1Nc1d0	/mj/small/10.png	/mj/big/10-2.jpg		2	4	4	3	2
TPS	XBOX360	기어스 오브 워	에픽게임스	한국마이크로소프트	2006. 11. 10	18세	기어스 오브 워'는 '세라'라는 행성을 무대로 생존을 위해 '로커스트 호드'와 전투를 벌이는 전 COG 병사이자 전쟁영웅 '마커스 피닉스'의 이야기를 그린 TPS 게임이다. 언리얼 엔진 3를 활용한 고화질 비주얼과 엄폐를 중요시 한 사실적인 전투 액션을 즐길 수 있다. 이 밖에 전력질주하여 적의 공격을 피하는 '로디 런'과 부가효과를 얻을 수 있는 '액티브 리로드', Xbox LIVE를 통한 온라인 멀티플레이를 즐길 수 있다	//www.youtube.com/embed/ABreE8K2QTE	/mj/small/11.jpg	/mj/big/11-2.jpg		3	5	3	2	2
FPS	XBOX360	파 크라이 인스팅트	유비소프트	한국마이크로소프트	2005. 11. 30	18세	파 크라이 인스팅트'는 PC로 발매된 FPS 게임 '파 크라이'를 Xbox로 이식한 게임이다. '파 크라이'와 맟나가지로 플레이어는 전직 특수부대원 잭 카버를 조작하여 남태평양 산호초 섬을 빠져나가기 위한 모험을 펼치게 된다. 소형 전함과 행글라이더 등 다양한 무기와 차량을 이용해 전투를 벌일 수 있으며 레벨 편집 기능을 이용하여 자신만의 커스텀 맵을 만들 수 있다. 또한 Xbox LIVE를 통해 다른 유저와 함께 게임을 즐길 수 있다	//www.youtube.com/embed/8vvGqBgiDFo	/mj/small/12.jpg	/mj/big/12-2.jpg		2	4	2	1	3
FPS	PS3,XBOX360	콜 오브 듀티 2	인피니티워드	인플레이인터렉티브	2006. 01. 04	15세	콜 오브 듀티 2'는 2차 세계대전을 배경으로 삼은 FPS '콜 오브 듀티' 시리즈 두 번째 넘버링 타이틀이다. 퀘이크 3 엔진으로 개발된 '콜 오브 듀티 2'는 전작과 마찬가지로 2차 세계대전을 배경으로 삼았으며, 미군과 영국군, 소련군 등 세 진영의 27가지 미션을 즐길 수 있다	//www.youtube.com/embed/JVpNfnhU0yQ	/mj/small/13.jpg	/mj/big/13-2.jpg		2	4	3	2	2
RPG	XBOX360	페이블	라이온헤드스튜디오	한국마이크로소프트	2004. 10. 14	18세	페이블'은 '갓 게임' 장르의 창시자 피터 몰리뉴의 신작으로, 납치된 누나를 구하기 위한 소년의 모험기를 그린 RPG다. '페이블'은 플레이어가 실행한 행동 하나하나가 모여 캐릭터의 모습과 도덕성, 사용하는 기술과 힘의 크기 등을 결정하는 높은 자유도를 특징으로 내세웠다. 또한 우화적인 그래픽과 생생한 음향, 주변 환경과의 교감 등을 게임에서 만날 수 있다	//www.youtube.com/embed/HpCQlybrlp8	/mj/small/14.jpg	/mj/big/14-2.jpg		4	3	3	4	2
스포츠	PS4,PS3,XBOX ONE	월드 사커 위닝 일레븐 2015	코나미	코나미디지털엔터테인먼트	2014. 11. 13		위닝 일레븐 2015'는 '위닝 일레븐' 시리즈 신작으로, 시리즈의 원점인 '완벽한 조작성', '최고의 반응', '세련된 게임 플레이'로의 회귀를 목표로 개발되었다. '마이클럽 모드'와 영국과 스페인, 이탈리아, 프랑스의 2부 리그, 3명의 선수에게 디펜스와 미드필드, 어택을 분담시켜 멀티 플레이 액션을 실현하는 등의 신규 요소가 추가되었다	//www.youtube.com/embed/uVAU63ccX4g	/mj/small/15.png	/mj/big/15-2.jpg		2	4	4	2	2
액션	PS3,PS2,XBOX360	데빌 메이 크라이4	캡콤	캡콤엔터테인먼트코리아	2008. 02. 05	18세	데빌 메이 크라이 4'는 스타일리쉬 액션 게임 '데빌 메이 크라이' 시리즈 네 번째 작품이다. 시리즈 주인공 '단테' 외에 새로운 주인공 '네로'가 등장한다. 차세대 콘솔 게임기 PS3와 Xbox360의 성능을 살려 더욱 화려한 그래픽과 액션을 구현했으며 시리즈 중 가장 긴 플레이 타임을 자랑한다. 이 밖에 단테의 새로운 무기, 네로의 '데빌 암 액션' 등이 추가되었다	//www.youtube.com/embed/BTQq5BOqIPI	/mj/small/16.png	/mj/big/16-2.jpg		4	4	3	2	2
액션	PS3,XBOX360	철권 태그 토너먼트 2	반다이남코게임즈	인트라게임즈	2011. 10. 12	15세	철권 태그 토너먼트 2'는 2명의 캐릭터가 하나의 태그팀을 이루어 상대와 대전을 펼치는 '철권 태그 토너먼트'의 후속작이다. 이번 작품에는 2:2로 대전하는 태그 배틀 뿐 아니라 1:1 대전, 1:2 대전 등 다양한 대전 모드를 탑재했다. 50명 이상의 캐릭터가 등장하며 오리지널 캐릭터를 개발할 수 있는 '파이트 랩' 모드도 즐길 수 있다	//www.youtube.com/embed/CihsYE--nYA	/mj/small/17.png	/mj/big/17-2.jpg		3	5	4	2	4
RPG	PS4,PS3,PS VITA	차일드 오브 라이트	유비소프트	인트라게임즈	2014. 04. 30	전체이용가	차일드 오브 라이트'는 판타지풍 그래픽과 동화같은 스토리를 기반으로 한 2D RPG다. 차세대 2D 게임 엔진 'UBlart Framework'로 개발된 '차일드 오브 라이트'에서 플레이어는 레무리아 왕국의 공주 '오로라'가 되어 태양과 달, 별을 훔친 '블랙퀸'을 타도하기 위한 모험을 펼치게 된다. '차일드 오브 라이트'는 2D 횡스크롤 방식에 심볼 인카운터와 턴 기반 클래식 전투를 지원한다	//www.youtube.com/embed/dJr0ojKnfnM	/mj/small/18.jpg	/mj/big/18-2.jpg		4	2	3	4	3
스포츠	PS4,PS3	MLB 14: 더 쇼	SCEA	SCEK	2014. 04. 01	전체이용가	MLB 14: 더 쇼'는 미국 프로야구 '메이저리그'를 소재로 삼은 야구 게임 'MLB 더 쇼' 시리즈 여덟 번째 작품으로, 전작의 프랜차이즈 및 '로드 투더 쇼' 시즌 저장 데이터 연동 기능을 지원한다. 특정 볼카운트에서 플레이가 시작되는 '퀵 카운트'와 한 명의 선수를 지정해서 진행할 수 있는 '플레이어 록 모드' 추가, 최신 MLB 정보 적용 등이 이루어졌다	//www.youtube.com/embed/kQ8xGNeD84Y	/mj/small/19.png	/mj/big/19-2.jpg		2	3	3	1	4
액션	3DS	레고: 더 호빗	트레벨러즈테일즈	인플레이인터렉티브	2014. 04. 08	전체이용가	레고: 더 호빗'은 J.R.R. 톨킨의 원작 '더 호빗'을 소재로 삼은 '레고' 시리즈 최신작이다. 플레이어는 '더 호빗'의 주요 인물 빌보와 간달프, 소린 등을 조작하여 미들 어스를 무대로 모험을 펼치게 된다. 트롤과 오크 등 원작의 수많은 적들을 게임에서 만날 수 있으며 다양한 퍼즐도 즐길 수 있다	//www.youtube.com/embed/YPM2J4Jqagg	/mj/small/20.png	/mj/big/20-2.png		4	3	2	2	3
기능성게임	3DS	초강력! 5분간의 집중력 트레이닝	닌텐도	한국닌텐도	2013. 09. 05	전체이용가	초강력! 5분간의 집중력 트레이닝'은 카와시마 류타 박사가 감수한 '두뇌 트레이닝' 시리즈 최신작이다. 하루 한 번 5분간 강력한 트레이닝을 통해 일상 생활에서 필요한 뇌의 중요한 기능 '워킹 메모리'를 단련하여 집중력을 향상시키는 효과를 기대할 수 있다. 트레이닝 중 '지옥 계산'은 출제되는 계산 문제의 정답을 기억해뒀다가 한 번에 맞춰 나가는 것으로, 레벨이 올라갈수록 기억해야 하는 수가 늘어난다		/mj/small/21.jpg	/mj/big/21-2.jpg		1	1	1	2	3
스포츠	3DS	마리오 골프 월드 투어	닌텐도	한국닌텐도	2014. 05. 01	전체이용가	마리오 골프 월드 투어'는 '슈퍼 마리오 브라더스' 시리즈에 등장하는 캐릭터를 조작하여 즐기는 골프 게임이다. 바람의 방향과 세기, 장애물 위치 등을 고려하여 본격적인 골프 게임을 즐길 수 있다. 간단한 버튼 조작과 터치스크린 터치 등을 지원하여 게임에 익숙하지 않은 사람도 손쉽게 즐길 수 있다. Mii로 선수권 우승을 목표로 하는 '프린세스 클럽'과 최대 4명이 함께 플레이 하는 '멀티 플레이'도 지원한다	//www.youtube.com/embed/lCZw2VWDwwI	/mj/small/22.jpg	/mj/big/22-2.png		1	2	2	3	2
리듬액션	3DS	시아트리듬: 파이널 판타지 커튼콜	스퀘어에닉스	스퀘어에닉스	2014. 04. 24		시아트리듬: 파이널 판타지 커튼콜'은 '파이널 판타지'의 캐릭터와 음악을 기반으로 개발된 리듬 액션 게임 '시아트리듬: 파이널 판타지' 시리즈 신작이다. 플레이어는 '파이널 판타지' 관련 BGM에 맞춰 터치펜을 활용한 리듬 액션을 즐길 수 있다. 200곡 이상의 '파이널 판타지' 음악와 60명 이상의 캐릭터가 등장하며, 플레이어간 대전을 펼칠 수 있는 'VS 배틀 모드'를 탑재했다	//www.youtube.com/embed/vf5y_Z694EM	/mj/small/23.jpg	/mj/big/23-2.jpg		1	2	2	4	1
레이싱	3DS	마리오 카트 7	닌텐도	한국닌텐도	2012. 05. 31	전체이용가	마리오 카트 7'은 한국닌텐도에서 정식으로 발매하는 캐릭터 레이싱 게임으로, 다양한 차량과 장애물을 지원, 재미를 더한다. 또한 닌텐도 3DS의 성능을 활용하여 Wi-fi를 이용한 멀티플레이와 3D 입체 효과를 지원, 실감나는 레이싱을 즐길 수 있다	//www.youtube.com/embed/Zze-eDpKNeQ	/mj/small/24.jpg	/mj/big/24-2.jpeg		1	2	4	2	2
액션	WII	마리오 파티 9	ND큐브	한국닌텐도	2013. 04. 11	전체이용가	마리오 파티 9'는 닌텐도를 대표하는 '마리오' 시리즈의 인기 캐릭터들이 등장하여 다양한 게임을 즐길 수 있는 '마리오 파티' 시리즈 아홉 번째 넘버링 타이틀이다. 80 종류의 다양한 미니 게임이 수록되어 있으며 최대 4명이 함께 게임을 즐길 수 있다	//www.youtube.com/embed/2HW5puaBNbs	/mj/small/25.png	/mj/big/25-2.jpg		2	3	2	2	1
레이싱	XBOX ONE	포르자 호라이즌 2	마이크로소프트	한국마이크로소프트	2014. 10. 02	12세	포르자 호라이즌 2'는 Xbox 진영을 대표하는 레이싱 게임 '포르자 모터스포츠' 시리즈 최신작이다. 유럽을 무대로 삼은 '포르자 호라이즌 2'에서 플레이어는 '2015 람보르기니 우라칸' 등 신규 차량이 대거 추가되어 게임 내에서 수백 대의 차량을 만날 수 있다. 날씨 변화 시스템 추가와 FM 5의 드라이바타 적용도 이루어졌다	//www.youtube.com/embed/r0r-1SqH69Q	/mj/small/26.png	/mj/big/26-2.jpg		2	4	3	2	3
액션	XBOX ONE	데드라이징 3	캡콤	한국마이크로소프트	2013. 11. 22		데드라이징 3'는 좀비 학살 액션 게임 '데드라이징' 시리즈 세 번째 넘버링 타이틀이다. 새로운 주인공이 게임에 등장하며, 플레이어는 오픈 월드 맵에서 주변의 사물을 모두 무기로 사용하여 끝없이 몰려오는 좀비들과 전투를 펼치게 된다. 다수의 좀비를 효과적으로 처리할 수 있는 '좀비 오퍼레이트' 기능도 지원한다	//www.youtube.com/embed/rb2I3BHQ6eE	/mj/small/27.png	/mj/big/27-2.png		3	4	4	3	2
슈팅	XBOX ONE	선셋 오버드라이브	인썸니악게임즈	한국마이크로소프트	2014. 10. 28	18세	선셋 오버드라이브'는 근미래를 배경으로 끊임없이 변화하는 환경을 소재로 삼은 오픈 월드 슈팅 게임이다. 대재앙 이후 돌연변이 괴물들이 도시에 들끓게 된 상황에서 플레이어는 '프리러닝'을 통한 다양한 액션과 다양한 무기를 활용하여 적들을 격파해야 한다. 다소 과장스러운 표현과 개성 넘치는 캐릭터, 스피디한 액션 등을 게임에서 확인할 수 있다	//www.youtube.com/embed/oKzQ_i9T3wM	/mj/small/28.jpg	/mj/big/28-2.jpg		3	3	3	3	2
액션	PS4,PS3,XBOX360	어쌔신 크리드 4: 블랙 플래그	유비소프트	유비소프트	2013. 11. 14	18세	어쌔신 크리드 4: 블랙 플래그'은 '어쌔신 크리드' 시리즈 네 번째 넘버링 타이틀로, 전작의 주인공 코너 켄웨이의 아버지 '에드워드 켄웨이'가 주인공으로 등장하는 작품이다. '어쌔신 크리드 4: 블랙 플래그'는 1715년 자메이카와 쿠바, 바하마 등 카리브 해를 지배하고 있는 캐리비안 지역을 배경으로 삼았다	//www.youtube.com/embed/FFXLm3NUKl4	/mj/small/29.png	/mj/big/29-2.jpg		5	5	2	4	5
전략시뮬레이션,소셜게임	Android,iOS	클래시 오브 클랜(Clash of Clans)	Supercell		2012.07.02	콘텐츠 수위 - 중	클랜전을 소개합니다! 클랜과 클랜의 전쟁에서 적을 쳐부수세요! 클래시 오브 클랜은 마을을 건설하고 유닛을 훈련하여 수천 명의 온라인 상대와 실력을 겨루는 전략게임입니다! 클랜을 승리로 이끄십시오! 클래시 오브 클랜은 무료이며 일부 게임 아이템을 유료로 제공하고 있습니다. 유료 콘텐츠를 구매하지 않으려면 Google Play '환경설정'에서 '비밀번호'에 체크하여 구매를 제한해주십시오.  또한 이용 약관과 개인정보 취급방침에 따라, 클래시 오브 클랜을 다운로드 및 플레이하려면 최소 13세 이상이어야 합니다 .  5/5 ""정말 경이적인 게임"" 5/5 ""재미와 전략을 동시에 제공하는 최고의 게임"" 클래시 오브 클랜은 전략 수립과 전개가 빠른 전투를 통해 다른 플레이어와 경쟁하는 몰입도 높은 게임입니다. 바바리안, 마법사, 드래곤과 같은 강력한 유닛으로 이루어진 군대를 양성하고 클랜에 가입하여 성장시켜보세요. 혹은 당신만의 클랜을 만들어 보세요. 고블린 격퇴는 시작에 불과합니다. 최고의 클랜을 만들어 보십시오!  = 특징 = - 무료 게임 - 초라한 마을이 무적의 요새로 성장 - 전 세계 친구들과 경쟁 후 승점 쟁탈 가능 - 친구들과 클랜 구성, 최고의 클랜으로 성장 - 15종의 유닛과 다양한 업그레이드 제공 - 대포, 타워, 박격포, 폭탄, 트랩, 장벽 등의 방어 시설 - 왕국에서 펼쳐지는 고블린 왕과의 전투 참고: 인터넷 연결이 필요한 게임입니다. 게임 관련 문의는 고객센터로 문의주시기 바랍니다. E-mail: clashofclans.feedback@supercell.net 전화번호: 1688-6276 (2014년 4월 21일 오픈) 공식 페이스북 https://www.facebook.com/ClashofClans 개인 정보 보호 정책 http://www.supercell.net/privacy-policy/ 이용 약관 http://www.supercell.net/terms-of-service/	//www.youtube.com/embed/s33VUCcg_sE	/mo/1.png	/mo/2.png		1	3	4	4	
RPG	Android,iOS	몬스터 길들이기 for Kakao	Netmarble Games		2013.08.12	콘텐츠 수위 - 하	단언컨대, 몬스터 길들이기는 가장 완벽한 게임입니다. 자, 이제 모험을 떠날 시간!   손쉽게 누구나 즐길 수 있는 액션 게임이 왔다!  모험도 즐기고 몬스터도 친구로 만드세요!  귀엽고 멋있는 440여종의 몬스터 중 마음에 드는 친구들로 팀을 만드세요.   스트레스를 팍팍! 날릴 수 있는 몬스터 길들이기의 화끈한 액션!  간편하게 다운로드 받고 시작하세요!   ■■■ 게임 특징 ■■■  ▶▶ 새로운 7성 몬스터의 등장! ◀◀ 이제는 6성이 아닌 7성이다! 7성으로 신세계를 경험하자! ▶▶ 나만의 팀을 갖자! ◀◀ 누구누구를 내 팀으로 고를까?  모험을 통해서 만나는 다양한 몬스터를 획득하여 내 캐릭터로 만들고 440여종의 몬스터를 길들여 가장 멋지고 강한 친구 셋으로 팀을 구성하고 모험을 떠나세요!   ▶▶ 터치! 터치!로만으로 즐기는 시원시원한 액션 ◀◀  간편한 조작으로도 느껴지는 시원시원한 스킬과 타격감!  조작에 대한 스트레스 없는 자동플레이!!  각 몬스터가 가진 스킬을 사용하다 보면, 스트레스도 날아가요!   ▶▶ 위험할 땐 바꿔! 바꿔! 색다른 전투 시스템! ◀◀ 전투 중 위험에 빠지셨다고요?  친구가 위험에 빠졌을 때 다른 친구를 부르면 뿅하고 캐릭터를 바꿀 수 있어요!  그래도 도움이 필요하다고요? 그럴 땐 카카오 친구에게 도움을 요청해 보세요.  즉시 나타나 여러분을 도와줄거예요.   ▶▶ 무한대전도 즐기고, 아이템도 받으세요◀◀ 수 많은 몬스터가 끊임 없이 등장하는 무한대전!  그 숨 막히는 전투를 즐겨보세요, 5ROUND만 버텨도 수정10개를 드려요!   * 몬스터 길들이기 공식 커뮤니티  - 공식카페: http://cafe.naver.com/monstertaming  - 본 게임은 카카오톡 계정으로 이용할 수 있습니다.  (내 카카오계정 확인 방법 : 카카오톡 > 더보기 > 카카오계정) ※ 게임 이용 중 카카오톡을 탈퇴하지 마세요.  몬스터 길들이기 for Kakao는 게임 내 별도의 계정이 존재하지 않으며, 카카오톡 계정을 연동하여 게임 서비스를 제공하고 있습니다. 따라서 몬스터 길들이기가 연동된 카카오톡 계정을 탈퇴하시면 게임 데이터가 모두 초기화 될 수 있습니다. 카카오톡 탈퇴는 신중하게 선택해주세요. ※ 유료 아이템 구매 시 별도의 요금이 부과됩니다. ■ 청약철회 및 환불에 대한 안내 ■ - 유료로 구매한 재화는 구매일로부터 7일 이내에 넷마블 고객센터를 통해 청약철회 신청이 가능합니다. 단, 유료재화를 통해 구매한 아이템은 청약철회가 제한되니 자세한 사항은 서비스 이용약관을 확인하여 주시기 바랍니다. [넷마블 모바일 서비스 이용약관] ☞ http://c2.img.netmarble.kr/mobile/nmb/help/html/policy02_2_kakao.html - 청약철회 기간이 지난 후 사용하지 않은 재화의 환불을 원하는 경우 넷마블 고객센터를 통해 환불 신청을 할 수 있으며, 회사는 환불 수수료 10%를 공제한 나머지 금액을 환급합니다. ■ 청약철회에 따른 효과 ■ - 청약철회의 의사표시가 있는 경우 회사는 3영업일 이내에 지급받은 대금을 환급하며, 환급을 지연한 때에는 그 지연기간에 대하여 관련 법령에서 정하는 지연 이자를 지급합니다. ■ 미성년자의 결제에 대한 특칙 ■ 미성년자가 법정대리인의 동의 없이 유료 재화를 구매한 경우, 미성년자 또는 법정대리인은 취소권을 행사할 수 있습니다. 단, 미성년자의 구매가 법정대리인으로부터 처분을 허락 받은 재산의 범위 내인 경우이거나 미성년자가 사술 등을 사용하여 성년자로 믿게 한 때에는 취소가 제한되며 구매자가 미성년자인지 여부는 구매가 진행된 단말기의 명의자를 기준으로 판단됩니다. ■ 상품 정보 및 이용 조건 안내 ■ - 공급자 : 넷마블게임즈(주) 대표이사 권영식 - 이용조건 및 기간 : 게임 내 별도 고지된 내용에 따름  (사용기간이 표시되지 않은 경우, 서비스의 종료일까지를 사용기간으로 간주) - 결제금액 및 방법 : 상품 별 별도 고지된 결제금액 및 결제방법에 따름 (외화 결제 시 환율 및 수수료 등으로 인해 실제 청구금액과 다를 수 있음) - 상품지급방식 : 게임 내 구매한 아이디(캐릭터)로 즉시 지급 - 넷마블 고객센터 : 1588-3995 (평일 오전9시~오후6시 상담가능) - 최소사양 : CPU 듀얼코어 1.2GHz, Ram 1GB ---- 개발자 연락처 : 02-1588-3995  서울특별시 구로구 디지털로 300 사업자 번호 : 105-87-64746 통신판매업 번호 : 제 2011-서울마포-0404호 (서울마포구청)	//www.youtube.com/embed/-e3hJyCuOw8	/mo/3.png	/mo/4.png		2	1	2	3	
RPG	Android,iOS	세븐나이츠 for Kakao	Netmarble Games		2014.03.06	전체 가능	■■■■■■■■■■ 업데이트안내 ■■■■■■■■■■ ■ 대규모 업데이트 기념 엄청난 선물!! - 접속만 해도 ‘6성 영웅 선택권’을 100% 드립니다! - 신규용사님에게는 10만골드!열쇠100개! ‘4성 영웅 소환권’ 3장을 추가로 드려요! ■ 세븐나이츠 ‘9영지’ 대규모 업데이트!! - 9영지’천자의 땅’ 전격 오픈! - 사황 ‘손오공’ 외 신규 영웅 대량 추가! - 영웅이 더욱 강해질 수 있는 보석시스템 추가! - 인벤토리 확장 등 편의 기능 대폭 업데이트! ■■■■■■■■■■■ 게임소개 ■■■■■■■■■■■ 동료들과 함께새로운 ‘사황’이 군림하는 ‘천자의 땅’으로 모험을 떠나세요! 비주얼이 다른 전략! 거부할 수 없는 초강력 비주얼RPG세븐나이츠 for kakao 지금 접속하시면 ‘6성 영웅 선택권’을 100% 드려요! 지금이 바로 세븐나이츠를 시작할 때! ■■■■■■■■■■■ 게임특징 ■■■■■■■■■■■ 1. 영웅들과 팀을 만들어 모험을 떠나자! 수백 명의 영웅들을 모아 성장시키고 팀을 만들어보세요! 2. 쉽고 빠른 자동전투로 누구나 손쉽게! 쉽게 빠른 자동전투는 기본, 화려한 액션과 전투가 기다립니다! 터치 한 번으로 펼쳐지는 멋진 전투의 세계! 3. 다이나믹하고 다양한 게임모드! 9개의 영지를 정복하며 나의 영웅을 성장시키는 모험 모드! 자웅을 겨뤄라!나의 강력함을 뽐낼 수 있는 결투 모드! 나의 한계는 어디인가!도전하고 또 도전하는 무한의 탑! 매일 다른 영웅들을 조합하여 공략하는 진정한 전략의 묘미!요일던전! 이제는 팀플레이다!협동하여 최강의 자리에 도전하는 공성전! 친구들과 힘을 합쳐 공략하는 레이드까지! 4. 새롭고 흥미진진한 스토리! 아스드 대륙을 위협하는 세로운 세력 ‘사황’ 평화를 지키기 위해 동료들과 힘을 키워나가자! 5. 친구와 길드를 만들어 함께 게임하세요! 혼자서만 즐기는 게임의 시대는 지났다!함께하는 재미! 길드채팅과 공성전까지!이제는 길드시대! 관련검색어:세나 / SEVENKNIGHTS / 모바일 / RPG / 게임 ■ 청약철회 및 환불에 대한 안내 ■ - 유료로 구매한 재화는 구매일로부터 7일 이내에 넷마블 고객센터를 통해 청약철회 신청이 가능합니다. 단, 유료재화를 통해 구매한 아이템은 청약철회가 제한되니 자세한 사항은 서비스 이용약관을 확인하여 주시기 바랍니다. [넷마블 모바일 서비스 이용약관] http://c2.img.netmarble.kr/mobile/nmb/help/html/policy02_2_kakao.html - 청약철회 기간이 지난 후 사용하지 않은 재화의 환불을 원하는 경우 넷마블 고객센터를 통해 환불 신청을 할 수 있으며, 회사는 환불 수수료 10%를 공제한 나머지 금액을 환급합니다. ■ 청약철회에 따른 효과 ■ - 청약철회의 의사표시가 있는 경우 회사는 3영업일 이내에 지급받은 대금을 환급하며, 환급을 지연한 때에는 그 지연기간에 대하여 관련 법령에서 정하는 지연 이자를 지급합니다. ■ 미성년자의 결제에 대한 특칙 ■ 미성년자가 법정대리인의 동의 없이 유료 재화를 구매한 경우, 미성년자 또는 법정대리인은 취소권을 행사할 수 있습니다. 단, 미성년자의 구매가 법정대리인으로부터 처분을 허락 받은 재산의 범위 내인 경우이거나 미성년자가 사술 등을 사용하여 미성년자로 믿게 한 때에는 취소가 제한되며 구매자가 미성년자인지 여부는 구매가 진행된 단말기의 명의자를 기준으로 판단됩니다. ■ 상품 정보 및 이용 조건 안내 ■ - 공급자 : 넷마블게임즈(주) 대표이사 권영식 - 이용조건 및 기간 : 게임 내 별도 고지된 내용에 따름  (사용기간이 표시되지 않은 경우, 서비스의 종료일까지를 사용기간으로 간주) - 결제금액 및 방법 : 상품 별 별도 고지된 결제금액 및 결제방법에 따름 (외화 결제 시 환율 및 수수료 등으로 인해 실제 청구금액과 다를 수 있음) - 상품지급방식 : 게임 내 구매한 아이디(캐릭터)로 즉시 지급 - 넷마블 고객센터 : 1588-3995 (평일 오전9시~오후6시 상담가능) - 최소사양 : CPU 듀얼코어 1.2GHz, Ram 1GB ---- 개발자 연락처 : 02-1588-3995  서울특별시 구로구 디지털로 306 사업자 번호 : 113-86-87632 통신판매업 번호 : 제 2011-서울마포-0404호 (서울마포구청) ---- 개발자 연락처 : 02-1588-3995  서울특별시 구로구 디지털로 300 사업자 번호 : 105-87-64746 통신판매업 번호 : 제 2011-서울마포-0404호 (서울마포구청)	//www.youtube.com/embed/p-0ssvLppVw	/mo/5.png	/mo/6.jpg		2	1	2	2	
보드,소셜게임	Android,iOS	모두의마블 for Kakao	Netmarble Games		2013.06.10	전체 가능	2천만이 선택한 국민게임 모두의마블 1주년! 모두와 함께 다양한 1주년 기념 이벤트를 즐겨보세요! 주사위를 굴리기만 하면 누구나 즐길 수 있는 쉽고 재미있는 게임!  가족, 친구들과 함께 모험하는 즐거움을 느껴보세요. 주사위를 통해 손끝으로 전해지는 짜릿한 긴장감! 바로 지금, 파산의 위험을 피해 투자왕이 되어보세요. [게임특징] ▶ 한국, 전세계, 우주여행, 테마파크! 신개념 어드벤처까지! ◀  대한민국의 다양한 명소부터 미국의 자유의 여신상까지! 곳곳의 대표적 상징인 랜드마크도 건설해보세요! 끝 없는 우주를 탐험하고 테마파크에서 나만의 멋진 놀이동산을 만들어 보세요! 이제는 보스 원정대와 함께 모험을 떠나 보스를 무찌를 짜릿함을 느껴보세요! ▶ 지역을 뺏고 뺏기는 짜릿함 ◀  주사위를 던지고 지역을 모두 소유하세요! 캐릭터카드와 주사위를 이용하여 최고의 부자가 될 수 있어요! ▶ 개성강한 캐릭터들 ◀ 천재 유치원생 슬기, 아이돌 혜나, 꽃미남 앙리, 모험가 쉐인 등 개성강한 캐릭터들과 함께 꿈을 이뤄보세요! ▶ 다양하고 재미있는 찬스카드 ◀ 수많은 찬스카드로 한방의 역전을 노려보세요! 친구의 지역에 전염병을 퍼뜨릴 수도, 친구의 지역과 나의 지역을 바꿀 수도 있어요! 새롭게 추가된 어드벤처맵에서는 크게 한방을 노리세요! ▶ 친구와 함께하는 신나는 여행 ◀  카카오톡 친구와 함께하는 여행을 떠나보세요!  모두의마블 for Kakao 안에서는 친구와 승부를 겨루기도 하고, 친구와 한편이 되어 투자왕이 될 수도 있어요! 신나는 모험을 떠날 준비가 되셨나요?  그럼! 2천만의 선택! 지금 바로 가족, 친구들과 국민캐주얼 게임 모두의마블 for Kakao 한판~! ※ 네트워크 게임으로 WIFI, 3G 접속 상태에서 즐기실 수 있습니다. ※ 유료 아이템 구매 시 별도의 요금이 부과됩니다. ■ 청약철회 및 환불에 대한 안내 ■ - 유료로 구매한 재화는 구매일로부터 7일 이내에 넷마블 고객센터를 통해 청약철회 신청이 가능합니다. 단, 유료재화를 통해 구매한 아이템은 청약철회가 제한되니 자세한 사항은 서비스 이용약관을 확인하여 주시기 바랍니다. [넷마블 모바일 서비스 이용약관] ☞ http://c2.img.netmarble.kr/mobile/nmb/help/html/policy02_2_kakao.html - 청약철회 기간이 지난 후 사용하지 않은 재화의 환불을 원하는 경우 넷마블 고객센터를 통해 환불 신청을 할 수 있으며, 회사는 환불 수수료 10%를 공제한 나머지 금액을 환급합니다. ■ 청약철회에 따른 효과 ■ - 청약철회의 의사표시가 있는 경우 회사는 3영업일 이내에 지급받은 대금을 환급하며, 환급을 지연한 때에는 그 지연기간에 대하여 관련 법령에서 정하는 지연 이자를 지급합니다. ■ 미성년자의 결제에 대한 특칙 ■ 미성년자가 법정대리인의 동의 없이 유료 재화를 구매한 경우, 미성년자 또는 법정대리인은 취소권을 행사할 수 있습니다. 단, 미성년자의 구매가 법정대리인으로부터 처분을 허락 받은 재산의 범위 내인 경우이거나 미성년자가 사술 등을 사용하여 성년자로 믿게 한 때에는 취소가 제한되며 구매자가 미성년자인지 여부는 구매가 진행된 단말기의 명의자를 기준으로 판단됩니다. ■ 상품 정보 및 이용 조건 안내 ■ - 공급자 : 넷마블게임즈(주) 대표이사 권영식 - 이용조건 및 기간 : 게임 내 별도 고지된 내용에 따름  (사용기간이 표시되지 않은 경우, 서비스의 종료일까지를 사용기간으로 간주) - 결제금액 및 방법 : 상품 별 별도 고지된 결제금액 및 결제방법에 따름 (외화 결제 시 환율 및 수수료 등으로 인해 실제 청구금액과 다를 수 있음) - 상품지급방식 : 게임 내 구매한 아이디(캐릭터)로 즉시 지급 - 넷마블 고객센터 : 1588-3995 (평일 오전9시~오후6시 상담가능) - 최소사양 : CPU 듀얼코어 1.2GHz, Ram 1GB ---- 개발자 연락처 : 02-1588-3995  서울특별시 구로구 디지털로 300 사업자 번호 : 105-87-64746 통신판매업 번호 : 제 2011-서울마포-0404호 (서울마포구청)	//www.youtube.com/embed/rleYvZ7jcD4	/mo/7.png	/mo/8.jpg		1	1	3	2	
어드벤처 소셜게임	Android,iOS	쿠키런 for Kakao	Devsisters Corporation		2013.04.02	전체 가능	★★★ 격변! 드디어 '새로운 세계'가 열렸습니다. ★★★ 격변! 쿠키런이 대규모 업데이트 되었습니다. 혹시라도 운이 좋아 용을 보게 되더라도 절대로... ★★★ 격변! '새로운 세계'의 업데이트들입니다. ★★★ ◆ '새로운 세계'의 출현! '오븐 탈출', '원시림', '용의 협곡', '유령해적의 코인섬' ◆ 새로운 룰, 새로운 재미의 스페셜 에피소드! 저주에 의한... ◆ 에피소드별로 감춰진 유물의 비밀! ◆ 유물의 비밀을 통해서만 얻을 수 있는 매력적인 전설의 쿠키와 펫!  ◆ 미스터리 박스에서 얻을 수 있는 다채로운 보물진화용 재료들! ◆ 더욱 강력해진 보물들! 재료들을 이용해 보물을 진화시키기! ◆ 심장떨리게 만드는 새로운 장애물들! 이건 진짜 해봐야함! ◆ 에피소드별 업적 목표들 추가! ◆ 주간 토너먼트! 이긴친구수에 따른 보상 추가! ◆ 탐험능력의 '탐험가맛 쿠키'와 그의 펫 '배낭이' ◆ 그 외에도 재미있는 여러가지 것들이 추가! 더 이상의 설명은 생략합니다. 지금 런!!  ★★★ 전세계인이 반한 최고로 재미있는 런게임, 쿠키런! ★★★ 한국 및 전세계 오천만명 이상이 빠져버린 진정 재미있는 달리기게임, 쿠키런! '이대로 먹힐 순 없어!' 먹혀버릴 운명에 도전하는 쿠키들의 신나는 모험이야기! 좀비맛쿠키, 연금술사맛 쿠키, 뱀파이어맛 쿠키, 소다맛 쿠키 등 귀염넘치는 매력덩어리 쿠키들의 탈출과 모험이야기를 즐겨보세요. ◆ 쉽고 간단한 컨트롤로 누구나 즐길 수 있습니다. ◆ 총 40여종의 다양한 능력을 가진 매력덩어리 쿠키들  ◆ 총 50여종의 귀염넘치는 펫들  ◆ 새로운 세계의 다양한 재미의 에피소드들  ◆ 500여종의 보물과 다채로운 보물진화 재료들  ◆ 흥미로운 업적도전과 유물수집들 더욱 자세한 내용은 스크린샷을 참고 해 주세요. 지금, 진정 재미있는 탈출의 여행을 떠납니다! 쿠키런의 세계로 지금 바로 런~! 런~! ---- 개발자 연락처 : 02-1899-3674 서울시 강남구 신사동 630-20 데브시스터즈 사업자등록번호 : 211-87-97881 통신판매업신고번호 및 신고기관 : 제 2013-서울강남-00151 호, 서울시 강남구청	//www.youtube.com/embed/pSIOvwDLxeQ	/mo/9.png	/mo/10.jpg		2	2	3	1	
RPG	Android,iOS	크리티카: 해적왕의 분노	GAMEVIL		2014.07.15	콘텐츠 수위 - 중	전세계 600만 다운로드! 글로벌 모바일 RPG 크리티카! 4th 캐릭터 '그림자술사' 스페셜 업데이트 기념 9/25~10/15 접속유저 전원, 만랩 전설무기 100% 증정! 전설무기로 크리티카만의 초(超)액션을 만끽해보세요 * 초액션을 만끽하라! - 쉴틈없이 터지는 경쾌한 액션으로 궁극의 타격감과 속도감을 즐겨라! - 액정을 뒤흔드는 강력한 EX 스킬과 친구와 누비는 스트라이커 시스템으로 전장을 지배하라! * 개성있는 캐릭터를 만끽하라! - 칠흑 같은 그림자로 전장을 뒤덮는다. 폭발 액션 "그림자술사" - 거대한 낫과 사슬로 전장을 유혹한다. 파멸 액션 "뇌쇄나찰" - 화려한 스피드로 전장을 유린한다. 쾌속 액션 "체술사" - 강력한 한방 스킬로 전장을 파괴한다. 광기 액션 "광전사" * 다채로운 시스템을 만끽하라! - 62여 개의 스테이지와 함께 강해진다! "스테이지 모드" - 끊임없이 쏟아지는 몬스터에서 살아남아라! "몬스터 웨이브" - 무한 도전! 55층으로 구성된 전장을 뚫고 나간다! "시련의 탑" - 1:1대전부터 3:3 대전까지! 강해진 나를 시험하라! "대전모드" - 이 모든 플레이를 쉽고 편리하게 공략하라! "자동전투" * 전설무기 증정 이벤트 안내 -전설 등급 무기는 55 레벨 무기와 본인 레벨 무기로 총 2종의 제공됩니다 -계정당 하나의 캐릭터에만 지급되며, 수신함내 판도라의 상자 아이템을 통해 수령 가능합니다 ---- 개발자 연락처 : 문의 연락처: 1588-4263 서울시 서초구 서초중앙로4 게임빌 빌딩 사업자 등록번호 : 119-81-34778 통신판매업신고번호 : 제 2012-서울서초-1166 호 통신판매업신고기관 : 서울 특별시 서초구청	//www.youtube.com/embed/GjK-NDuv5nk	/mo/11.png	/mo/12.png		2	4	2	2	
RPG	Android,iOS	브레이브프론티어 for kakao	gumi korea		2014.09.25	전체 가능	[게임특징] 전세계 1000만 유저가 열광한 가슴 뛰는 모험의 RPG! 브레이브 프론티어! - 다양한 유닛들이 한가득. 200여종 이상의 유닛을 소환하고! 성장하고! 진화시키세요! 불, 물, 나무, 번개, 빛과 암흑의 6속성을 지닌 유닛들을 모아 최강의 팀을 만들어 보세요! - 박진감 넘치는 액션. 보기만 해도 시원하고 화려한 배틀씬! 정교한 애니메이션으로 이루어진 개성만점 유닛들의 박력있는 액션이 펼쳐집니다. 손안에서 펼쳐지는 화끈한 액션을 즐겨보세요! - 심플하지만 깊이있는 전투시스템. 누구나 손쉬운 터치로 파파팍! 타격감 넘치는 배틀을 즐길 수 있으며, 정통RPG의 재미를 진하게 응축시킨 중독성 있는 전투시스템으로 구성되어 있습니다. 어디서도 본적 없는 멋진 전투를 즐겨보세요.  - 친구와 함께 떠나는 모험 게임에서 친구로 등록한 친구에게 유닛을 빌려 줄 수 있어요!물론 친구의 유닛을 빌려서 함께 모험할 수 있습니다!  - 간단히 즐기는 PVP 아레나 배틀. 플레이어끼리 최강의 팀을 겨루는 아레나 배틀.끊임없는 승리를 거둬 명성을 얻고 최강의 소환사가 되어 보세요! [최적환경] 안드로이드 3.0 이상 태블릿 모드 지원  [공식 사이트] 자세한 정보는 아래 공식 사이트에서 확인할 수 있습니다. http://bravefrontier.co.kr/	//www.youtube.com/embed/2joxeizRR-A	/mo/13.png	/mo/14.jpg		2	3	2	2	
아케이드 캐주얼게임	Android,iOS	냥코대전쟁	PONOS		2014.06.27	전체 가능	★★★★「징글귀염☆냥코군단」이　세계정복을 꿈꾼다!! 누구든지 간단하게 조작가능!! 「냥코」육성&배틀게임 ★★★★ ****초간단 ☆ 배틀 시스템**** 맘에드는 냥코를 탭하여 생산!! 때로는 「냥코 대포」를 발사!! 적의 성을 함락시키자!! ****초간단 ☆ 육성 시스템**** 스테이지를 클리어하고 XP를 받자!! 맘에드는 냥코를 선택!! 레벨10에 되면, 본래의 모습으로 클래스체인지!! ****초간단 ☆ 냥코 대전쟁**** 보물을 수집하는 것도 완전 즐거워!! 귀엽고 깜찍한 적들의 캐릭터!! EX캐릭터는 더욱 엽기발랄!! 게임을 좋아하지 않더라도 즐길 수 있어!! 남녀노소 누구에게나 추천하고 싶은「냥코 대전쟁」☆ 어떤 냥코들을 키우고 싶으세요? 자 지금당장, 엽기발랄 냥코군단을 출진시키자!! **************************** ※「냥코 대전쟁」을 실행하기 위해서는 네트워크 환경이 필수입니다. ※ 앱을 인스톨 또는 업데이트는 Wi-fi환경에서 실행 할 것을 권장하오나, LTE와 3G환경에서도 실행 할 수 있습니다. ※「냥코 대전쟁」는 태블릿에서도 플레이 할 수 있습니다. ※「냥코 대전쟁은 마지막까지 무료로 플레이 할 수 있지만, 일부의 유료 콘텐츠도 이용할 수 있습니다. ※ 지원이 가능한 단말기의 버전은 Android 4.0 이상 입니다. ※「냥코대전쟁」은 수시로 업데이트를 하여 새로운 기능을 추가하고 있습니다. 단말기의 기종에 따라서는 업데이트를 할 수 없는 경우도 있습니다. 양해해 주시기를 부탁드립니다. **************************** 「냥코 대전쟁」을 이용하기전에 반드시「이용약관」을 확인 해 주세요. 이 어플리케이션을 다운로드 할 경우에는「이용약관」에 동의 한것으로 간주됩니다. 어플리케이션 이용약관 http://ponos.s3.amazonaws.com/reg/ko/agreement/index.html 개인정보 취급방침 http://ponos.s3.amazonaws.com/reg/ko/policy/index.html Presented by PONOS	//www.youtube.com/embed/wN_4hmJxXg8	/mo/15.png	/mo/16.png		2	1	5	2	
RPG	Android,iOS	서머너즈 워 : 천공의 아레나	Com2uS		2014.04.17	콘텐츠 수위 - 중	대작을 뛰어넘는 명작 RPG 서머너즈워! '최고의 재미를 위한 모든 것'  스케일을 압도하는 진정한 Well-made RPG! 마나크리스탈을 둘러싸고 벌어지는,  천공의 아레나!  이제 400여 종의 몬스터들과 함께하는 소환사들의 스펙타클한 전쟁이 시작됩니다! 서머너즈워 공식카페 : http://cafe.naver.com/smonwar *** 서머너즈워는?  1. 화려하고 역동적인 그래픽!  역동적인 플레이를 구현하기 위한 최고 수준의 풀 3D 그래픽과 이펙트! 각 몬스터 고유의 화려한 스킬 연출을 바탕으로 펼쳐지는 압도적인 박진감의 전투! 2. 방대한 400여 종 몬스터 컬렉션!  불, 물, 바람, 빛, 어둠! 5가지 속성의 몬스터를 모아라! 400여종에 이르는 다양한 몬스터를 수집하는 재미! 3. 그동안 볼 수 없던 전략적 육성!  강화, 진화, 스킬 강화로 1성도 6성으로 키울 수 있는 RPG 본연의 재미! 다양한 조합이 가능한 룬 시스템은 육성의 백미! 4. 완벽히 균형잡힌 풍부한 컨텐츠!  마을, 전투, 던전, PvP, 수집, 육성! 쉴틈없이 계속되는 끝없는 즐길거리와 모든 컨텐츠들의 완벽한 균형! 5. 쉽다! 편하다!  손쉬운 자동전투! 간단한 조작만으로 펼쳐지는 무궁무진한 전략과 스펙타클한 무한 액션! 이제 RPG의 진정한 즐거움을 만나보세요! *** • 이 게임은 부분유료 아이템 구매가 가능합니다. 부분유료 아이템 구매시 추가 비용이 발생할 수 있으며, 아이템 종류에 따라 청약철회가 제한될 수도 있습니다. • 이 게임의 이용과 관련된 조건(계약해지/청약철회 등)은 게임 내 또는 컴투스 모바일 게임 서비스 이용약관 (홈페이지에서 확인 가능, http://www.withhive.com)에서 확인하실 수 있습니다. • 이 게임과 관련된 문의/상담은 게임 소개 페이지 하단의 '개발자에게 직접 문의하기', 카카오톡 아이디 : Com2uSGames, E-mail : support@com2us.com, 컴투스 홈페이지 로그인 후 '1:1 문의하기'를 통해 하실 수 있습니다. ──────────────── 컴투스와 함께 놀아요~! ──────────────── 트위터에서 수다 떨기 ☞ twitter.com/Com2uS_korea 페이스북에서 놀기 ☞ facebook.com/Com2uSkor 공략법, 이벤트 정보가 궁금하면?! ☞ http://www.withhive.com Com2uS 안전결제 캠페인, 비밀번호 설정하기! ☞ http://goo.gl/NzpM7 ---- 개발자 연락처 : 연락처: 1588-7155 서울시 금천구 가산동 371-17 BYC하이시티 A동 12층 사업자등록번호: 108-81-16843  통신판매업신고번호: 제 2009-서울금천-0022호(서울시 금천구)	//www.youtube.com/embed/EMPmRrWxV7Y	/mo/17.png	/mo/18.png		2	2	3	1	
액션,RPG	Android,iOS	강철의기사	Actoz Soft		2014.07.16	콘텐츠 수위 - 중	★ 레볼루션 업데이트 ★ 1. 레벨 30 한계를 넘어서라! - 초월 시스템 추가 2. 장비들을 버리지마라! - 분해 시스템 추가 3. 같은 레벨도 차원이 다르다! - 단련 시스템 추가 당신이 기다려온 진정한 대작 RPG! 액션의 클라이막스를 경험하라 스타일리쉬 액션 RPG, 강철의 기사  1. 진정한 Hack & Slash 액션을 즐겨라! - 손끝에서의 타격감 - 성장하면 할 수록 화려해지는 스킬과 특성 2. 전략적인 파티시스템! - 200여 종이 넘는 동료들의 특성을 이용하여 전략적인 파티 구성 - 선발대 파티 구성과 후발대 파티 구성 3. 성장해라! 그리고 강해져라! - 100여 종이 넘는 무기와 갑옷 - 장비 강화를 통해 화려해지는 캐릭터 외형 변화 4. 끝까지 섬멸하라! 몬스터 추격 모드와 보스 모드! - 도망치는 몬스터들을 추격하여 없애라 - 거대 보스 등장과 함께 친구들과 보스 사냥을 해라 5. 세계 최강을 보여줘라! 영웅 대전 모드와 무한 모드! - 전 세계 유저와 함게 하는 PVP 대전 - 전 세계 랭커들과 함께 하는 무한 모드  - 매일 라이벌이 등장하여 5명씩 라이벌전 가능! 6. 화려한 스킬을 사용해라! 스킬 콤보 시스템! - 스킬 사용 시, 연속 3개 연이은 스킬 콤보 - 게임 내 총 9개의 스킬 구사! 7. 물고 물리는 상성 관계! - 총 4개의 속성 존재 : 화> 독> 뇌> 빙> 화  - 무기, 동료마다 속성이 있어 전략적인 액션 전투! ---- 개발자 연락처 : 070-8685-3740 서울특별시 마포구 공덕동 473번지 KPX빌딩 3층, 5층, 6층	//www.youtube.com/embed/TDGKZlmNuXM	/mo/19.png	/mo/20.png		2	3	2	2	
RPG	Android,iOS	별이되어라! for Kakao	GAMEVIL		2014.02.17	콘텐츠 수위 - 중	이 전쟁을 끝낼 수 있는 새로운 지역이 드디어 열렸다! 5대 위상의 고향 '잊혀진 심장'에서 다시 모험을 시작하라! 우리의 모험이 전설이 되는 곳 판타지모험 RPG ★별이되어라! for Kakao★ 시즌2 : 전설의 서 ================================= ■ 흥미진진한 모험이 펼쳐지는 새로운 지역! -'잊혀진 심장'에서 라그나로크와의 마지막 전투를 준비한다. -새로운 시나리오와 함께 던전 및 레이드에 도전하라! ■ 카리스마 넘치는 5대 위상! -새로운 지역 곳곳에 응축된 '기억의 정수'를 모아라. -최강의 5대 위상을 동료로 만들어 강력한 힘을 느껴보자! ■ 나만의 개성 넘치는 전략 5인 파티! -기존의 4인 파티가 5인 파티로 변경! -좀 더 개성있는 파티 구성과 다양한 동료를 활용해 모험에 대처한다! ■ 레벨 확장 60 레벨! 동료성장의 마침표 궁극강화! -60레벨까지 확장! 새로운 아이템과 동료들을 만나자! -동료들은 한 단계 더 초월강화가 가능해진다! 최강의 파워 궁극강화! 별이되어라! 공식카페 http://cafe.naver.com/dragonblaze ---- 개발자 연락처 : 문의 연락처: 1588-4263 서울시 서초구 서초중앙로4 게임빌 빌딩 사업자 등록번호 : 119-81-34778 통신판매업신고번호 : 제 2012-서울서초-1166 호 통신판매업신고기관 : 서울 특별시 서초구청	//www.youtube.com/embed/anxzcVB-Tn8	/mo/21.png	/mo/22.png		2	1	2	2	
RPG	Android,iOS	불멸의 전사 for Kakao	(주)레드사하라 스튜디오		2014.03.31	콘텐츠 수위 - 하	■ ■ ■ 시즌2 사전등록 이벤트 진행 ■ ■ ■ 1. 사전등록자 전원 6성영웅+자동재시작 7일권 지급! - 원하는 6성을 콕!집어 뽑고, 매일 터지는 아이폰 6+의 행운도 잡으세요! - 총1017명에게 주어지는 푸짐한 경품까지!(~10월 16일까지) - 이벤트 바로가기 → http://event.redsaharastudio.net/kr/preregister/ 2. 레드 사하라 창립 1주년 감사 선물! (시즌2업데이트 전까지) - 6성 영웅 초대권 무조건 지급 - 자동 재시작 (7일) 아이템 지급 3. 시작하라 불멸의 전사!! - 신규 고객 스타트업 패키지 제공 4. 9월 한달 내내~ 매일매일 핫타임! - 지금 접속하셔서 핫타임 시간표를 체크하세요~ 5.이벤트 자세한 사항은 공식카페에서 확인하세요~!! http://cafe.naver.com/immortalwarrior  ■ ■ ■ 게임 특징 ■ ■ ■ 1. 나만의 전략을 수립하고 실행하자  무개념 전투는 이제 그만! 전략적인 파티구성으로 최강의 전사가 되다. 2. 실시간 전투 없으면 리얼 RPG 아니잖아요?  와우! 지금 까지 모바일 RPG는 잊어라 내 마음대로 움직이는 4인 풀파티!  +자동사냥은 필수옵션 아닌가요? 3. 언제까지 내턴 기다리고 있을텐가? 클래스가 다른 RPG  7개의 클래스 200개의 영웅 캐릭터  그리고 지금까지 없던  4개 캐릭터 직.접.조.작 4. 진화된 멀티모드를 경험하라 처음 만나는 전투. (영지점령전, 무한의 탑, 영웅대전, 월드보스, 유물탐사, 챔피언스 리그)  이제 새로운 전투를 시작할 때 입니다. 5. 언제까지 카톡 친구랑만 게임 하실 건가요? 최고의 길드를 위한 59명의 플레이어가  당신을 기다리고 있습니다.  불멸의 60인 길드의 주인공은 바로 당신입니다. 불멸의 전사 공식 카페: http://cafe.naver.com/immortalwarrior ---- 개발자 연락처 : 사업자 번호: 144-81-17697 통신판매업 신고번호: 2014-경기성남-0416 통신판매업 신고 기관: 경기도 성남시청 주소: 경기도 성남시 분당구 분당로 55 퍼스트타워 7층 Tel) 031-8017-9525	//www.youtube.com/embed/9dViQJWsk00	/mo/24.png	/mo/25.png		2	2	2	2	
RPG	Android,iOS	베나토르	Neoarena Inc.		2014.05.28	콘텐츠 수위 - 중	[세계관] 중세 유럽을 배경으로 하는 가상의 왕국 베나토르 약해진 왕권을 노리는 수많은 영주들이 있다. 주인공인 베나토르의 영주의 아틀 베나토르 스파이커.. 어릴 적 계모로부터 청부살해 위협을 받았지만 마법사 알버트의 도움으로 목숨을 건지게 되었다. 이후 검술 수련을 하며 세상을 떠돌다 아버지가 돌아가셨단  소식을 듣고 10년만에 고향으로 돌아오게 된다. 이제 베나토르 왕국의 운명은 어떻게 될 것 인가? 새로운 영주 베나토르 스파이커가 되어 왕국을 수호하여야 한다. [게임특징] ▶ 마을경영 자원생산과 전투를 통해 모은 재화로 생산건물과 방어타워를 건설하여 나만의 영지를 발전!! ▶ 시나리오 플레이 흥미있는 시나리오로 베나토르의 운명을 결정하자! ▶ 숨쉴틈 없는 PVP 영지전!! 경쟁 영주의 영지를 침략하고 약탈하라! 침략과 약탈 그리고 방어를 활용한 게임 내 경제 시스템! =========== 고객센터 1600-2963 (월~금,10시~19시) cs@neoarena.com ---- 개발자 연락처 : 주소: 경기도 성남시 분당구 삼평동 670번지 유스페이스1 A동 711호 연락처: 031-724-0260	//www.youtube.com/embed/2ZDIzpHZaEg	/mo/26.png	/mo/27.png		3	2	2	2	
스포츠	Android,iOS	마구마구2014 for Kakao	Netmarble Games		2013.04.09	전체 가능	스마트폰 국민 야구게임 마구마구!!  8년 전통의 온라인 야구게임이 스마트폰으로! ■ 게임소개 ■ 그대 언제까지 달리기만 할텐가?  직접 치고 던지며 프로야구 시즌을 진행하는  정통 액션 야구게임 마구마구2014를 즐겨라! 최강의 선수진을 구성하여 친구와의 1:1 대전에서 승리하자! ■ 게임특징 ■  혼자하는 야구는 가라! 이제는 친구와의 1:1배틀 플레이다! 한 타석으로 경기결과를 뒤집을 수 있는 액션개입 멀티플레이!  국민 야구게임 마구마구의 8년 노하우가 집약된 선수데이터! 친구와 경쟁은 기본, 이제 전체 유저와 경쟁한다! ■ 모드소개 ■  마구마구2014에서 야구를 즐기는 5가지 방법을 소개 합니다. 1. 실제 프로야구 시즌을 진행하는 "싱글모드"  2. 타격만은 내가 최고! "홈런모드“  3. 랜덤 카드쟁탈의 "대결모드" 4. 친구와의 짜릿한 1:1 대전, "배틀모드"  5. 매일! 8인 토너먼트의 우승자는 누구? "토너먼트 리그" * 마구마구 2014 공식 커뮤니티 - 공식카페 : http://cafe.naver.com/ma9ma92013 ※ 유료 아이템 구매 시 별도의 요금이 부과됩니다. ■ 청약철회 및 환불에 대한 안내 ■ - 유료로 구매한 재화는 구매일로부터 7일 이내에 넷마블 고객센터를 통해 청약철회 신청이 가능합니다. 단, 유료재화를 통해 구매한 아이템은 청약철회가 제한되니 자세한 사항은 서비스 이용약관을 확인하여 주시기 바랍니다. [넷마블 모바일 서비스 이용약관] ☞ http://c2.img.netmarble.kr/mobile/nmb/help/html/policy02_2_kakao.html - 청약철회 기간이 지난 후 사용하지 않은 재화의 환불을 원하는 경우 넷마블 고객센터를 통해 환불 신청을 할 수 있으며, 회사는 환불 수수료 10%를 공제한 나머지 금액을 환급합니다. ■ 청약철회에 따른 효과 ■ - 청약철회의 의사표시가 있는 경우 회사는 3영업일 이내에 지급받은 대금을 환급하며, 환급을 지연한 때에는 그 지연기간에 대하여 관련 법령에서 정하는 지연 이자를 지급합니다. 단, 미성년자의 구매가 법정대리인으로부터 처분을 허락 받은 재산의 범위 내인 경우이거나 미성년자가 사술 등을 사용하여 성년자로 믿게 한 때에는 취소가 제한되며 구매자가 미성년자인지 여부는 구매가 진행된 단말기의 명의자를 기준으로 판단됩니다. ■ 미성년자의 결제에 대한 특칙 ■ 미성년자가 법정대리인의 동의 없이 유료 재화를 구매한 경우, 미성년자 또는 법정대리인은 취소권을 행사할 수 있습니다. ■ 상품 정보 및 이용 조건 안내 ■ - 공급자 : 넷마블게임즈(주) 대표이사 권영식 - 이용조건 및 기간 : 게임 내 별도 고지된 내용에 따름  (사용기간이 표시되지 않은 경우, 서비스의 종료일까지를 사용기간으로 간주) - 결제금액 및 방법 : 상품 별 별도 고지된 결제금액 및 결제방법에 따름 (외화 결제 시 환율 및 수수료 등으로 인해 실제 청구금액과 다를 수 있음) - 상품지급방식 : 게임 내 구매한 아이디(캐릭터)로 즉시 지급 - 넷마블 고객센터 : 1588-3995 (평일 오전9시~오후6시 상담가능) - 최소사양 : CPU 듀얼코어 1.2GHz, Ram 1GB ---- 개발자 연락처 : 02-1588-3995  서울특별시 구로구 디지털로 300 사업자 번호 : 105-87-64746 통신판매업 번호 : 제 2011-서울마포-0404호 (서울마포구청)	//www.youtube.com/embed/vwYn9lm99eQ	/mo/28.png	/mo/29.jpg		1	3	4	3	
액션,RPG	Android,iOS	블레이드 for Kakao	4:33		2014.04.21	콘텐츠 수위 - 중	※ 설치 시 TIP! 1. 안드로이드 OS 버전 4.1 이상으로 업데이트 해주세요. 2. 압축 해제시 문제가 발생한다면, 불필요한 앱들을 삭제하여, 충분한 저장공간을 확보 후 다시 설치해 주십시오. 3. 소스 파일 다운로드가 원활하지 못하여 실행이 되지 않을 경우에는 앱을 완전히 삭제한 후 다시 설치해주세요. ★★ 프로게이머 이제동 '블레이드'를 시작하다. ★★ 1부 http://www.youtube.com/watch?v=POqww4h3EnA&list=UU3GVIBCbqcA96IZ5lOTkSew 2부 http://www.youtube.com/watch?v=1U_bOAS8iuU&list=UU3GVIBCbqcA96IZ5lOTkSew 액션의 끝! 블레이드 for Kakao 눈으로 보고도 믿을 수 없는 퀄리티! 직접 경험하라!! 1. 액션RPG의 결정판! 모바일 게임의 한계를 뛰어 넘다! - 국내 모바일 최초 언리얼엔진으로 개발된 최상의 그래픽 - PC 액션 게임을 능가하는 박진감 넘치는 타격감 2. 피로 물든 대륙에서 고독한 전투를 시작하라! - 60개의 던전, 거대한 어둠의 지배자들과 목숨을 건 혈투 - 100여개 이상의 무기를 획득하고, 최고의 무기를 선택하라 3. 실시간 PVP 대전에서 영혼까지 불태워라!  - 긴장감 넘치는 실시간 1:1 대전 - 모조리 쓸어버려라~! 실시간 10인 난투장 ---- 개발자 연락처 : 고객센터 : +82-2-1566-4340 서울시 강남구 삼성로104길 22(삼성동) 사업자등록번호 : 107-87-21419 통신판매업신고번호 및 신고기관 : 제 2013-서울강남-02795 호 / 서울시 강남구청	//www.youtube.com/embed/_bPGm-T-aTc	/mo/30.png	/mo/31.png		2	2	2	2	
RPG,캐주얼게임	Android,iOS	아틀란스토리 - 천계의 문 for Kakao	WeMade Entertainment CO., LTD		2013.08.05	콘텐츠 수위 - 하	** 주요 업데이트 ** * 용옥 15레벨, 문장 50레벨 확장  * 8성~10성 도금 스크롤 출시 * 기타  - 행운의 집 상품 리뉴얼  - 정령 일괄소환 레벨 하향(LV50), 90레벨 유저의 정령 일괄소환 시 소환횟수 40회로 상향  - 4성 신수 티아레 추가  * 월 정액 상품 적용 * 펫 시스템 업데이트 - 신규 SSS펫 3종 등장! - 펫을 더욱 강하게! 각성 시스템 추가! * 유적 약탈전 - 손에 땀을쥐게하는 지상, 천계 유적 약탈전! - 약탈당한 길드원의 유적을 보호하라! - 골드, 명성 등 다양한 보상 제공. * 신규맵 천계 등장  - 새로운 지역 천계를 탐험해보세요.  - 천계의 탑! 강력한 적과의 전투!  - 더더욱 강하게! 신수, 신물 시스템 * 노스트레스 RPG!  - 재료 수집 시 더 빠른전투 지원!  - 시련의 동굴 1개층을 한번에 클리어! 쾌속돌파 기능 지원! ** 함께하는 재미를 전달하는 모바일 게임 브랜드 위미(weme)와 함께 하세요! **  ** FAQ로 찾아보고, 서로서로 묻고 답하고, 1:1문의로 물어보고! [위미 APP] **  [위미 APP] http://weme.wemade.com/game/wemeapp.asp  [페이스북] http://www.facebook.com/weme.wemade  [고객문의] atlanstory@cs.wemade.com  [결제문의] atlanstory@cs.wemade.com  [Tel] 1661-1400 (평일 09:00 – 18:00 / 토∙일∙공휴일 휴무) Copyright ⓒ WeMade Entertainment Co.,Ltd. All Rights Reserved. 개발자 연락처 : 주소 : 경기도 성남시 분당구 대왕판교로644번길 49 위메이드타워 전화 : 1661-1400 사업자등록번호 : 209-81-24419 / 분당세무서장 통신판매업신고 : 제 2013-경기성남-2045호 / 성남시장 ---- 개발자 연락처 : 주소 : 경기도 성남시 분당구 대왕판교로644번길 49 위메이드타워 전화 : 1661-1400 사업자등록번호 : 209-81-24419 / 분당세무서장 통신판매업신고 : 제 2013-경기성남-2045호 / 성남시장	//www.youtube.com/embed/bZ3aW6a1aVo	/mo/32.png	/mo/33.png		3	2	2	2	
MMORPG	Android,iOS	레전드 오브 갓(레오갓)	TheAppsGames		2013.09.09	콘텐츠 수위 - 하	■ 1.7v 대규모 업데이트 : 당신이 기다려온 레오갓을 경험하라! 최고 레벨 140Lv으로 상향! 통합 길드 서버전 추가! 군영회, 제단 등 대규모 콘텐츠 업데이트! ★ 알아서 잘 크는 신(神)세계 RPG '레전드 오브 갓'★  ★친절한 금자씨?!! 아니아니~ 친절한 RPG가 대세★  ============================== [게임 스토리]  기원 원년 만물의 신은 생명이 충만한 대지, 라이아 대륙과 라이아 문명을 창조했다. 기원 140년 사람들은 더 이상 신을 믿지 않았고, 사악한 악마의 꾐에 빠졋다. 그 틈을 노리고 악마들이 대륙을 침략했다. 기원 156년 사악한 악마가 핵의 중심을 침략하자 인간의 문명은 무너졌고, 한 사람의 손에 마지막 희망이 쥐어졌다. [게임 특징]  - 횡스크롤 던전 클리어 방식의 MMORPG!  - 전 세계적인 공감대 형성이 가능한 신화를 배경으로 한 판타지!  - 온라인 게임을 연상케하는 화려하고 섬세한 그래픽!  - 자동 전투를 통해 남녀노소 누구나 쉽고 재미있게!  - 쉬운 조작법으로 시원하고 강력한 타격 액션!  - 속성 성장 시스템을 구현, 다채로운 플레이 가능!  - PVP, 파티 및 길드를 통한 보스 던전! [게임 TIP] - 능력으로 더욱 강한 스킬을 가질 수 있다.  - 초반에는 체력과 공격방어 속성을 올려야 게임을 원활하게 진행할 수 있다. - 공통 공격으로 스킬 대미지와 치료 효과가 증가한다. - 스테미너를 구매하여 더 많은 전투에 참여하면 캐릭터가 강력해진다.  - 유저는 길드를 결성하거나 가입 해 이벤트를 참여할 수 있다. ● TheAppsGames 고객센터 안내 전화 : 1588-2142 (월~금 9시~18시) 메일 : log_tag@theapps.co.kr ---- 개발자 연락처 : 1588-2142 서울시 관악구 낙성대동 서울대 연구공원 사업자 등록 번호 : 119-85-31463 통신판매업 신고번호 : 제2010-서울관악-0955호 통신판매업 신고를 받은 기관 : 서울특별시 관악구청	//www.youtube.com/embed/45Dp9cpELsc	/mo/34.jpg	/mo/35.png		2	2	2	2	
TCG,RPG	Android,iOS	브레이브 프론티어	gumi Inc.		2013.10.29	전체 가능	전세계 천만이 즐기는 본격 정통 RPG! 브레이브 프론티어! [게임특징] 정통RPG를 현대적인 감각으로 재소환한 브레이브 프론티어! - 다양한 유닛들이 한가득. 200여종 이상의 유닛을 소환하고! 성장하고! 진화시키세요! 불, 물, 나무, 번개, 빛과 암흑의 6속성을 지닌 유닛들을 모아 최강의 팀을 만들어 보세요! - 박진감 넘치는 액션. 보기만 해도 시원하고 화려한 배틀씬! 정교한 애니메이션으로 이루어진 개성만점 유닛들의 박력있는 액션이 펼쳐집니다. 손안에서 펼쳐지는 화끈한 액션을 즐겨보세요! - 심플하지만 깊이있는 전투시스템. 누구나 손쉬운 터치로 파파팍! 타격감 넘치는 배틀을 즐길 수 있으며, 정통RPG의 재미를 진하게 응축시킨 중독성 있는 전투시스템으로 구성되어 있습니다. 어디서도 본적 없는 멋진 전투를 즐겨보세요.  - 친구와 함께 떠나는 모험 게임에서 친구로 등록한 친구에게 유닛을 빌려 줄 수 있어요!물론 친구의 유닛을 빌려서 함께 모험할 수 있습니다!  - 간단히 즐기는 PVP 아레나 배틀. 플레이어끼리 최강의 팀을 겨루는 아레나 배틀.끊임없는 승리를 거둬 명성을 얻고 최강의 소환사가 되어 보세요! [최적환경] 안드로이드 2.4.0 이상 태블릿 모드 지원  [공식 사이트] 자세한 정보는 아래 공식 사이트에서 확인할 수 있습니다. http://bravefrontier.co.kr/	//www.youtube.com/embed/2joxeizRR-A	/mo/36.png	/mo/37.png		2	2	2	2	
RPG	Android,iOS	드래곤을만나다 for Kakao	와이디온라인		2014.08.04	콘텐츠 수위 - 하	◈시즌2 대규모 업데이트◈ - 신규 사냥터 추가 라바마운틴 추가! - 더욱 강하게 7성 장비 추가!!! - 이제 시작이다! 제한 레벨 70레벨로 상향 조정!  - 레벨 제한 해제에 맞는 스킬 레벨 상향 조정! 효과 상승!  - 장비 옵션 및 MAX 공격력, 방어력 변경 시스템 적용 - 필드 내 아이템 드랍률 상향 조정 - 유료 뽑기 상급 아이템 획득 확률 상향 조정! ■ 억수르가 추천하는 바로 그게임!! [드래곤을 만나다]■ - 억수르도 반한 그 손맛! 제대로된 RPG를 경험하자 - 100만 다운로드 기념 억수르가 쏜다!!  - 2014년 하반기 무서운 상승세의 바로 그게임을 만나보세요. ■ 손맛 가득한 액션 RPG!! [드래곤을 만나다]■ - 손끝에서 느껴지는 타격감과 스피디한 액션! - 캐릭터마다 고유하게 주어지는 화려한 스킬! ■ 게임 친구들과 함께하는 실시간 파티 플레이!■ - 실시간 파티 지원 시스템으로 함께 즐기는 전투! - 게임 친구와 랜덤 매칭으로 최적에 파티를 찾아라!! ■ 다양한 던전과 레이드 그리고 무한의 탑까지.■ - 200개가 넘는 스테이지 제공! - 파티원과 함께하는 레이드 모드와 나홀로 도전하는 무한의 탑까지 - 도전하고 넘어서라! 랭킹에 최강자는 누구인가? ■ 전투는 강함에 근원이다! 전투로 성장하라!■ - 전투 진행만으로도 성장하는 장비 성장 시스템! - 더욱 강해지고 싶은이를 위한 강화, 조합 시스템 추가 - 8개의 파츠마다 나타나는 외형의 변화까지 모두를 누려라! " ---- 개발자 연락처 : 1566-2722 서울시 강남구 청담동 71-25 성호빌딩 2,3층 - 사업자등록번호 : 211-86-23306  - 통신판매업신고번호 : 제2010-서울강남-03304호 - 통산판매신고기관 : 서울특별시 강남구청	//www.youtube.com/embed/9fFKKq0fAE8	/mo/38.png	/mo/39.png		1	1	2	2	
소셜게임,시뮬레이션	Android,iOS	에브리타운 for Kakao	WeMade Entertainment CO., LTD		2013.03.05	전체 가능	** 함께하는 재미, 위미(weme)! ** 카카오에 찾아온 감성마을 1번지, 에브리타운!  온라인 소셜게임 & 앱스토어 1위를 석권!  최고의 타운 육성 게임 후속작이 드디어 출시되었습니다.  카카오톡 친구들과 에브리타운 에서 이웃으로 함께 만나요~  ★☆9월 25일 에브리타운 업데이트☆★ ☞ SEED 전문점 보상판매 기능 추가  ☞ 최고 레벨 상향 (60Lv -> 65Lv) ☞ 타운을 더 아름답게~ 10월 하트샵 아이템 추가  ☞ 신규 SEED 전문점 6종 추가 (골드 4종 / SEED 2종)  ☞ 더 많은 요리로 타운을 맛있게! 신규 레스토랑 메뉴 3종 추가  ☞ 신규 경품 치 1종 추가 ♡♥에브리타운의 특징♥♡ ☞ 눈이 즐거워지는 수채화같이 아름다운 그래픽  아기자기하고 세밀한 건물과 조형물, 그리고 깜찍한 빌리저들까지! ☞ 내가 기른 작물로 공장 생산품까지  작물에서 공장 가동까지 이어지는 수많은 작물과 생산 아이템들  어떤 작물로 어떤 공장을 돌릴지 고민하는 것도 즐거워요! ☞ 한땀~ 한땀, 구석~ 구석 꾸며나가는 즐거움  나만의 센스를 반영하여 남들과는 다르게 꾸며보아요! ☞ 다양한 캐릭터들과 함께 만들어가는 이야기  에브리타운의 친구들과의 소소한 이야기가 잔뜩 담긴 방대한 퀘스트 보는 재미가 쏠쏠해요! ☞ 이웃 타운의 내 친구들과 상부상조  친구와 일손돕기를 하면 생산물이 더 많아진다구? 방명록에서 재잘재잘 이야기도 나누어봐요! * 에브리타운은 갤럭시S 이상 스펙의 기종에서 원활하게 플레이 할 수 있습니다.  * 옵티머스 뷰 시리즈의 경우 홈버튼을 길게 누르면 해상도를 맞추실 수 있습니다. * 새로운 버젼으로 업데이트가 잘 되지 않으실 때는, 휴대폰의 남은 메모리 용량을 먼저 확인 부탁드립니다. ** 함께하는 재미를 전달하는 모바일 게임 브랜드 위미(weme)와 함께 하세요! ** ** FAQ로 찾아보고, 서로서로 묻고 답하고, 1:1문의로 물어보고! [위미 APP] **  [위미 APP] http://weme.wemade.com/game/wemeapp.asp  [페이스북] http://www.facebook.com/weme.wemade [고객문의] everytownhelp@cs.wemade.com [Tel] 1661-1400 (평일 09:00 – 18:00 / 토∙일∙공휴일 휴무) Copyright ⓒ WeMade Entertainment Co.,Ltd. All Rights Reserved. ---- 개발자 연락처 : 주소 : 경기도 성남시 분당구 대왕판교로644번길 49 위메이드타워 전화 : 1661-1400 사업자등록번호 : 209-81-24419 / 분당세무서장 통신판매업신고 : 제 2013-경기성남-2045호 / 성남시장	//www.youtube.com/embed/hq2gPIz8kLE	/mo/40.png	/mo/41.jpg		1	1	3	2	
RPG	Android,iOS	드래곤 기사단 for Kakao	Com2uS		2014.01.13	콘텐츠 수위 - 중	웰메이드 정통 RPG, 드래곤 기사단! Episode 3. 죽음의 기사단 가까스로 루네브 카와 조우하여 다시금 부활하게 된 드래곤 기사단! 어느 날 엘카르페에 콜린 비셀이 보낸 전령이 도착하게 되고 충격적인 이야기를 듣게 된다. 아거스 랜드베인이 이끄는 윈터록 기사단이 마계 왕 바알의 수하가 되어 죽음의 기사단이 되었다는 사실을...  서둘러 로카른 왕국으로 뱃머리를 향한 드래곤 기사단! 과연 그들은 죽음의 기사단을 저지할 수 있을 것인가! ■□■□■ 게임설명 ■□■□■ ▶ 간편한 조작으로 스킬 및 콤보 시전의 짜릿한 타격감 ▷ 4종의 직업의 다양한 영웅과 몬스터!! ▶ 직업간 상성과 진형 배치를 통한 전략적 전투!! ▷ 장비제조, 분해, 강화, 보석장착 등 완벽한 장비 아이템 컨텐츠!! ▶ 400여종의 다양한 무기와 방어구!! ▷ 희귀, 영웅, 전설급 아이템을 모으는 아이템 도감!! ▶ 친구들과 함께하는 거대 보스 레이드!! ▷ 최고의 기사단을 가리는 아레나 결투!! ▶ 나의 강함은 어디까지? 엘리트 던전 영웅의 탑!! ▷ 모든 유저가 참여하는 월드 보스!!  ▶ 방대한 스토리와 함께하는 판타지 대서사!!  ▷ 다양한 이벤트 진행 친구 초대 이벤트 / 추천인 이벤트 / 출석 이벤트 / 일일 미션 이제 드래곤 기사단의 매력에 푹 빠져보세요. • 본 게임은 부분유료 아이템 구매가 가능합니다. 부분유료 아이템 구매시 추가 비용이 발생할 수 있으며, 부분유료 아이템은 종류에 따라 청약철회가 가능 또는 제한될 수도 있습니다.  • 본 게임의 이용과 관련된 조건(계약해지/청약철회 등)은 게임 내 또는 컴투스 모바일 게임 서비스 이용약관(홈페이지에서 확인 가능, http://www.withhive.com)에서 확인하실 수 있습니다.  • 본 게임과 관련된 문의/상담은 게임 소개 페이지 하단의 '개발자에게 직접 문의하기', 카카오톡 아이디 : Com2uSGames, E-mail : Support@com2us.com, 컴투스 홈페이지 로그인 후 '1:1 문의하기'를 통해 하실 수 있습니다. ──────────────── 컴투스와 함께 놀아요~! ──────────────── 트위터에서 수다 떨기 ☞ twitter.com/Com2uS_korea 페이스북에서 놀기 ☞ facebook.com/Com2uSkor 공략법, 이벤트 정보가 궁금하면?! ☞ http://www.withhive.com Com2uS 안전결제 캠페인, 비밀번호 설정하기! ☞ http://goo.gl/NzpM7 ---- 개발자 연락처 : 연락처: 1588-7155 서울시 금천구 가산동 371-17 BYC하이시티 A동 12층 사업자등록번호: 108-81-16843  통신판매업신고번호: 제 2009-서울금천-0022호(서울시 금천구)	//www.youtube.com/embed/MDAh35dhVnc	/mo/42.png	/mo/43.png		2	1	2	2	
MMORPG	Android,iOS	다함께 던전왕 for Kakao	Netmarble Games		2014.02.14	콘텐츠 수위 - 하	최대의 업데이트로 강력하게 진화한다~! 더욱 강력한 던전보스와 짜릿한 한판 승부! 다함께던전왕 시즌2 '신들의 귀환' 오픈! 최강의 신을 소환수로! 함께 던전을 정복하라! 켠 김에 왕까지! 엄마누나도 왕까지! 이제는 온 가족이 끝판왕까지 고고싱! 터치 한 번이면 누구나 쉽게 즐길 수 있어요! * * * ■■■ 게임 특징 ■■■ 1. 차원이 다른 고품격 블록버스터 - 최고의 그래픽 퀄리티를 뛰어넘다! - 화끈한 스킬! 짜릿한 액션! 2. 통 큰 실시간 4:4전투 - 대세는 팀플레이! 4명의 주인공이 동시에! - 무궁무진한 전략 전투로 통쾌함이 2배!" 3. 던전 탐험은 친구와 함께 - 하나의 던전에 최대 50명까지! - 보스와의 아찔한 한판 승부! 4. 언제 어디서나 쉽고 빠르게 - 원터치 하나면 간편하게 스타트! - 자동전투와 자동스킬에 5배속 전투까지! 5. 매일매일 새로운 던전공략! - 요일마다 다른 속성의 던전을 즐겨보자! - 던전보스 공략하면 BOSS를 내 소환수로!" * * * ▶ 공식 카페 : http://cafe.naver.com/everydk ▶ 공식 페이스북 : http://www.facebook.com/everydk  ※ 유료 아이템 구매 시 별도의 요금이 부과됩니다. ※ 6성 3장은 7/17 이후 접속이력이 없는 유저로 한정하여 지급됩니다. ■ 청약철회 및 환불에 대한 안내 ■ - 유료로 구매한 재화는 구매일로부터 7일 이내에 넷마블 고객센터를 통해 청약철회 신청이 가능합니다. 단, 유료재화를 통해 구매한 아이템은 청약철회가 제한되니 자세한 사항은 서비스 이용약관을 확인하여 주시기 바랍니다. [넷마블 모바일 서비스 이용약관] ☞ http://c2.img.netmarble.kr/mobile/nmb/help/html/policy02_2_kakao.html - 청약철회 기간이 지난 후 사용하지 않은 재화의 환불을 원하는 경우 넷마블 고객센터를 통해 환불 신청을 할 수 있으며, 회사는 환불 수수료 10%를 공제한 나머지 금액을 환급합니다. ■ 청약철회에 따른 효과 ■ - 청약철회의 의사표시가 있는 경우 회사는 3영업일 이내에 지급받은 대금을 환급하며, 환급을 지연한 때에는 그 지연기간에 대하여 관련 법령에서 정하는 지연 이자를 지급합니다. ■ 미성년자의 결제에 대한 특칙 ■ 미성년자가 법정대리인의 동의 없이 유료 재화를 구매한 경우, 미성년자 또는 법정대리인은 취소권을 행사할 수 있습니다. 단, 미성년자의 구매가 법정대리인으로부터 처분을 허락 받은 재산의 범위 내인 경우이거나 미성년자가 사술 등을 사용하여 성년자로 믿게 한 때에는 취소가 제한되며 구매자가 미성년자인지 여부는 구매가 진행된 단말기의 명의자를 기준으로 판단됩니다.  ■ 상품 정보 및 이용 조건 안내 ■ - 공급자 : 넷마블게임즈(주) 대표이사 권영식 - 이용조건 및 기간 : 게임 내 별도 고지된 내용에 따름  (사용기간이 표시되지 않은 경우, 서비스의 종료일까지를 사용기간으로 간주) - 결제금액 및 방법 : 상품 별 별도 고지된 결제금액 및 결제방법에 따름 (외화 결제 시 환율 및 수수료 등으로 인해 실제 청구금액과 다를 수 있음) - 상품지급방식 : 게임 내 구매한 아이디(캐릭터)로 즉시 지급 - 넷마블 고객센터 : 1588-3995 (평일 오전9시~오후6시 상담가능) - 최소사양 : CPU 듀얼코어 1.2GHz, Ram 1GB ---- 개발자 연락처 : 02-1588-3995  서울특별시 구로구 디지털로 300 사업자 번호 : 105-87-64746 통신판매업 번호 : 제 2011-서울마포-0404호 (서울마포구청)	//www.youtube.com/embed/AOAFz4KFPOs	/mo/46.png	/mo/47.jpg		2	1	2	2	
TCG 액션 RPG	Android,iOS	체인크로니클	Actoz Soft		2014.03.20	콘텐츠 수위 - 하	▶슈퍼스타 Festival 시즌2 개최! 1. 요시츠구, 유리아나, 치아리 등 최고인기 캐릭터를 만나보자! 2. 링 교환소에 신규 캐릭터 ‘미리엘’ 업데이트! 3. 전쟁의 연대기 전야제 2주차! 대규모 프리 퀘스트 등장! [새로운 기능] 배속 버튼을 선택하면, 게임 종료 시까지 적용되도록 개선 ‘날개’를 가진 캐릭터의 모델링 개선 신규 지역 업데이트를 위한 UI 개선 [게임소개] 1. 일본 200만 다운로드를 기록한 대작 RPG - 이젠 정통 RPG의 재미를 핸드폰에서 즐긴다! - 일본에서 200만 다운로드를 기록한 고퀄리티의 대작을 만나자! 2. 매력적인 캐릭터 - Toi8/HACCAN/Nardack 등 최고의 일러스트레이터가 참여! - 200여명 이상의 최고 퀄리티의 캐릭터들을 게임에서 만나라! 3. 화려한 필살기와 상쾌한 배틀의 재미! - 카드가 아닌 SD 캐릭터가 직접 등장하는 전투방식! - 캐릭터마다 마나를 모아, 화려한 필살기로 전투의 재미를 더한다! 4. 판타지 대서사시! - 소설책 10권 분량의 압도적 볼륨의 스토리를 만나라! - 한 편의 영화를 방불케 하는, 세상에 없던 최고의 판타지 게임! 5. 한국 체인 크로니클만의 특별함! - 더욱 쾌적한 전투를 즐겨라! 자동 전투방식 추가! - 계속 업데이트 될, 한국만의 고유한 컨텐츠를 기대하세요!  ◎ 액토즈소프트 다른 게임 : - 밀리언아서 : 가장 아름다운 판타지 밀리언아서 - 배틀아레나 : 전략 배틀 RPG  - 파이널판타지 : RPG명작의 귀환! 모바일 최초 한글판 출시!! - 몬스터엠파이어 : 다양한 레이드와 아이템, 그리고 치열한 배틀 - 폴링폴링 : 판타지 소셜 스토리, 폴링폴링! - 미니기어즈 : 아기자기한 탱크들의 짜릿한 슈팅 액션 게임 - 공성대전 : 스마트폰 최초의 실시간 대규모 공성대전! - 스카이콩콩 : 점핑~ Yeah! 점핑~ Yeah! 다같이 뛰어뛰어!! - 마징가 : 무쇠팔 무쇠다리! 마징가가 돌아왔다! ◎문의 사항 게임의 궁금하신 사항은 게임 혹은 홈페이지 내 [고객문의]를 통해 닉네임을 포함해서 문의 메일 보내주시면 빠르게 답변 드릴 수 있습니다. ---- 개발자 연락처 : 070-8685-3740 서울특별시 마포구 공덕동 473번지 KPX빌딩 3층, 5층, 6층	//www.youtube.com/embed/qYfBRSPgtmw	/mo/48.png	/mo/49.png		2	1	2	2	
MMORPG 캐주얼게임	Android,iOS	암드히어로즈	(주)쿤룬코리아		2012.12.12	콘텐츠 수위 - 중	■■■ 암드히어로즈만의 특징 ■■■ - 환상적이고 꿈같은 모험이 펼쳐지는 던전 - 다양한 게임방식 (RPG, PVPM AOS,디펜스) - 6가지 타입의 직업 (기사,전사,궁수,마법사,주술사) - 다양하고 강력한 장비아이템 (15만개의 부위별, 레벨별 장비가 존재) - 거대보스 - 다양한 생활기술 (낚시, 요리, 제작) - 음성채팅 (친구와 함께 음성채팅) ★업데이트 세부사항★ ============================= ▶빨간 장비 업데이트 - 예전보다 강화된 장비! 7세트를 착용하면 화려한 날개까지! ▶국가, 길드기능 강화 - 국가 버프 등장, 국가와 길드 혜택 강화! 국가와 길드에 들면 더욱 즐거워진다! ▶동행 시스템 - 초행자를 이끌어주는 길라잡이가 되어주세요. 혼자일 때보다 초행자는 경험치가 UP! ▶펫 시스템 - 6종의펫,강화와교배로강력하게성장하는펫시스템 ============================= ◆ 게임 특징 ◆ - 절묘한 클래스 밸런싱,완전히 새롭게 탄생한 리뉴얼던전 - 커스터마이즈 인스턴트 던전시스템 - 다양한 게임모드와 다채로운 일일이벤트 등 압도적인 플레이 볼륨 - 쾌적하고 편리해진 게임 내 인터페이스, 데이터 절약모드 탑재 - 글로벌 모바일 개발사 EGLS가 2년동안 개발한 초대작 - 최적화된 자체개발 3D 엔진으로 구현한 디아블로 스타일의 게임! - 디펜스, PVP, AOS, 음성채팅 등 다양한 게임방식과 RPG의조화! - 판타지 배경의 다양한 스테이지와 던전! - 수백가지의 최강스킬 조합! 암드히어로즈 CS메일 ah@koramgame.com 암드히어로즈 Facebook 팬페이지 http://www.facebook.com/krzhonline ---- 개발자 연락처 : 서울특별시 강남구 테헤란로20길 9 동궁빌딩 4층 tel: 1566-0057 ---- 개발자 연락처 : 서울특별시 강남구 테헤란로20길 9 동궁빌딩 4층 tel: 1566-0057	//www.youtube.com/embed/EpeoUJe34Q4	/mo/50.png	/mo/51.jpg		3	2	2	3	
TCG,RPG	Android,iOS	밀리언아서	Actoz Soft		2012.04.09	콘텐츠 수위 - 중	1. No.1 카드배틀 RPG! 1천만 아서가 열광한 No.1 카드배틀 RPG! Square Enix(스퀘어에닉스)가 개발하여 국내 외 높은 완성도를 경험해보세요. 2. 초호화 제작진의 참여! 100여명 이상의 유명 일러스트레이터가 참여한 최고의 일러스트 일본의 유명 작가 카마치 카즈마가 들려주는 다양한 스토리 유명 성우들의 음성과 마에야마다 켄이치(햐다인)이 작사/작곡한 아름다운 BGM까지 초호화 제작진의 참여도 한층 높아진 완성도를 경험해보세요. 3. 누구나 쉽게 플레이하는 카드 배틀 RPG 한번의 클릭으로 비경 탐색과 배틀 진행 오토 모드를 통한 자동 비경 탐색 기능 제공하여 누구나 쉽게 플레이가 가능합니다. 4. 다양한 덱 조합을 통한 개성 넘치는 전략 비경 탐색이나 배틀을 통해 획득한 1,000여장 이상의 카드를 육성하여 다양한 스킬과 콤보의 구성을 통한 개성 넘치는 덱 구성을 통해 나만의 전략을 구성해보세요. [게임소개] 지금, 그대의 두 손에 들려진 검이 새로운 여정을 알린다!  브리튼의 단 하나의 왕이 되기 위한 당신 그리고 당신을 도와주는 아름답고 개성 넘치는 기사들 스토리를 받쳐주는 다양한 개성을 가진 일러스트가 있는 밀리언아서로 당신을 초대합니다 ---- 개발자 연락처 : 070-8685-3740 서울특별시 마포구 공덕동 473번지 KPX빌딩 3층, 5층, 6층	//www.youtube.com/embed/S8b5t5hBpl0	/mo/52.png	/mo/53.jpg		2	1	3	4	
TCG,RPG	Android,iOS	큐라레: 마법도서관	Palmple Inc.		2014.03.17	콘텐츠 수위 - 중	3D로 경험하는 차세대 카드 배틀 RPG, 큐라레: 마법도서관! 지금껏 경험하지 못한, 새로운 차원의 차세대 카드 배틀 RPG가 온다! [게임 소개] 세상의 모든 정보가 기록되어 있는 바벨의 도서관이 폭발하고, 마도서들이 차원 곳곳으로 사라져 버린 세계 의문의 사고로 폭발한 바벨의 도서관을 재건하기 위해 세 명의 사서가 큐라레 마법 도서관에 모였어요~! [게임 특징] ▶ 모바일의 한계라는 말은 이제 잊어라! 지금껏 보지 못한 꿈의 비주얼 국내외 초호화 급 작가 진들이 완성한 400여종의 카드 일러스트! 최대 3단계의 일러스트 진화!! 환상적인 홀로그램 카드!!! 20여 종류의 3D 던전!!!! 세 명의 3D 탐색 캐릭터까지 모두 한번에 경험할 수 있는 즐거움을 놓치지 마세요~! ▶ 보는 것만으로는 부족하다? 다채로운 ‘들을 거리’로 한층 더 끌어올린 완성도 유명 게임 작곡가들로 구성된 드림팀의 BGM 전문 성우들이 연기하는 개성만점 캐릭터의 향연 이젠 게임을 즐기실 때 잠시 사운드를 켜주세요~! ▶ 최초로 시작되는 실시간 라이브 협력 전투 혼자서는 어려운 상대라도 동료가 있다면? 언제 어디서나 동료와 함께 하는 실시간 라이브 협력 전투  공격은 기본! 역할 플레이에 따른 전략적 스킬 사용!! 전투~ 어렵지 않아요!!! 다정한 미우, 귀여운 셀라, 쿨한 델핀과 함께하는 좌충우돌 도서관 재건기! 큐라레 마법도서관에서의 시끌벅적한 일상이 이제 시작됩니다. 큐라레는 설치 이후 실행 시 추가 데이터를 다운로드 합니다. 최초 실행 시에 와이파이 환경에서 구동을 권장 드립니다. “본 어플리케이션에서는 고객편의를 위해 어플리케이션 내 도움말 상에서  어플리케이션 공급자의 고객센터로 바로 전화통화를 연결할 수 있도록 앱권한 중 ‘전화통화 권한’을 획득합니다.” ▶ 큐라레 공식 커뮤니티 - 네이버 카페: http://cafe.naver.com/qurare - 트위터: https://twitter.com/Qurare_ML ▶ 고객센터 안내 - 1566-9605 (오전 9시 ~ 오후 6시 상담가능) ---- 개발자 연락처 : 1566-9605 경기도 성남시 분당구  판교역로 344  아이디스타워 6층  463-400	//www.youtube.com/embed/Khl-QI0WR1Q	/mo/54.png	/mo/55.png		2	1	2	2	
TCG,카드	Android,iOS	데빌메이커: 도쿄 for Kakao	Palmple Inc.		2013.03.26	콘텐츠 수위 - 상	가장 진화된 카드 RPG, 데빌메이커:도쿄! 치명적인 매력과 강력함을 소유한 악마들을 모으고, 성장시키고,  커스터마이징하여 나만의 악마로 탄생시킨다!  “지금, 저와 계약하시겠어요?” ■ 반전이 넘치는 매력적인 스토리 ■ 수년 전 도쿄를 강타한 의문의 폭발,  그리고 세상을 덮친 암흑 속에서 나타난 악마들! 어느 날 갑자기 주인공 앞에 나타난 미모의 악마 유키와  잃어버린 과거의 기억을 찾아가는 과정에서  숨겨져 있던 과거의 거대한 진실이 펼쳐집니다. ■ 방대한 플레이 컨텐츠 ■ 단순 카드 수집 이상의 재미! MMORPG에 버금갈만한  방대한 컨텐츠로 쉴 틈 없는 플레이의 재미를 선사합니다.  레벨 업과 함께 즐길 수 있는 메인 스토리는 물론,  다양한 던전과 탐색구역, PvP와 대규모 레이드,  기록 경쟁을 위한 ‘심연의 수정’ 등 다채로운 컨텐츠를  경험하세요. ■ 차별화된 카드 육성 시스템 ■ 같은 악마라도 육성 방법에 따라 개성 넘치는  나만의 악마로 성장합니다. 악마 합체, 악마 재계약, 악마 스킬 전승을 통하여  유니크한 악마를 만들어 나갈 수 있으며,  진화 시스템을 통해 뜻밖의 강력한 악마를  얻을 수도 있습니다. 최근 변경 사항 ---- 개발자 연락처 : 1566-9605 경기도 성남시 분당구  판교역로 344  아이디스타워 6층  463-400	//www.youtube.com/embed/ylfo6iWp9kM	/mo/56.png	/mo/57.jpg		2	1	2	2	
퍼즐	Android,iOS	애니팡2 for Kakao	SUNDAYTOZ, INC		2014.01.13	콘텐츠 수위 - 하	★★ 이제부터! 애니팡2 ★★ 천만이 함께한 국민게임 애니팡2!!   누구나 즐길수 있는 짜릿하고 신나는 퍼즐 게임! 지금 바로 애니팡 월드로 놀러오세요~ [게임 특징] ☞ 귀엽고 친숙한 동물 친구들 ☞ 새롭고 흥미진진한 미션들 ☞ 300개가 넘는 개성 넘치는 스테이지 ☞ 모일수록 강력! 통쾌하게 터지는 특수블록 애니와 함께 동물친구들을 구해볼까요? 모험은 이제부터 시작! ★애니팡2 공식 블로그★ http://blog.naver.com/stz_anipang2 ★애니팡2 고객센터★ https://anipang2.zendesk.com/ ★선데이토즈 홈페이지★ http://sundaytoz.com/ ---- 개발자 연락처 : 경기도 성남시 분당구 서현동 250-2 5층 사업자 등록번호 : 107-87-32726 통신판매업신고번호 : 2012-경기성남-0799 통신판매업신고 받은 기관 : 성남시청 전화번호 : 070-4351-6211	//www.youtube.com/embed/FctNVrcHnCQ	/mo/58.png	/mo/59.png		1	1	3	1	
소셜게임,캐주얼게임	Android,iOS	두근두근 레스토랑 for Kakao	WeMade Entertainment CO., LTD		2014.08.26	전체 가능	** 함께하는 재미, 위미(weme)! ** ◆탑셰프 '홍석천'의 두근두근 레스토랑!! ◆이태원 성공신화, 홍석천 레스토랑을 손 안에서 만나보세요~ 두.두.레 프리덤~! ▶홍석천과 함께하면 나도 탑셰프!◀ 맛있는 요리를 만들어 대접하면, 까다로운 홍석천 손님도 눈에서 하트가 뿅~ ▶스페셜 동화 손님과 참신한 에피소드◀ 백설공주, 빨간모자, 피터팬 등 특별 손님의 기존 동화 내용을 뒤집는 반전 스토리~ ▶아기자기 귀여운 캐릭터와 매장 데코 아이템◀ 동화풍 감성 그래픽의 개성있는 손님캐릭터와  모던, 앤틱 베네치아 등 다양한 테마의 인테리어 아이템까지 ▶친구와 함께하는 다양한 소셜 시스템◀ 친구 점원과 함께 요리 재료 탐험도 떠나고 가판대, 마켓뉴스, 골든벨 등 친구와 함께 꾸려나가는 재미 ▶300여가지 방대한 셰프 의상◀ 다양한 컨셉의 스타일로 나만의 셰프 룩 완성!  ** 함께하는 재미를 전달하는 모바일 게임 브랜드 위미(weme)와 함께 하세요! **  ** FAQ로 찾아보고, 서로서로 묻고 답하고, 1:1문의로 물어보고! [위미 APP] **  [위미 APP] http://weme.wemade.com/game/wemeapp.asp  [페이스북] http://www.facebook.com/weme.wemade  [고객문의] rthelp@cs.wemade.com [결제문의] rthelp@cs.wemade.com  [Tel] 1661-1400 (평일 09:00 – 18:00 / 토∙일∙공휴일 휴무)  Copyright ⓒ WeMade Entertainment Co.,Ltd. All Rights Reserved. ---- 개발자 연락처 : 주소 : 경기도 성남시 분당구 대왕판교로644번길 49 위메이드타워 전화 : 1661-1400 사업자등록번호 : 209-81-24419 / 분당세무서장 통신판매업신고 : 제 2013-경기성남-2045호 / 성남시장	//www.youtube.com/embed/oCXuFArBe4g	/mo/60.png	/mo/61.png		1	1	3	2	
퍼즐,캐주얼게임	Android,iOS	캔디크러쉬사가 for Kakao	King		2013.09.12	전체 가능	지금 카카오톡에서 캔디크러쉬사가를 즐기세요!  500개가 넘는 스테이지에 도전해 보세요! 한번 빠지면 헤어나올 수 없을 정도로 재미있는 캔디 퍼즐을 맞춰보세요. ※캔디크러쉬사가는 누구나 무료로 즐길 수 있는 게임입니다. 추가 이동 횟수나 추가 하트 등의 아이템은 별도로 구매하여 사용할 수 있습니다. 구매를 원치 않는 경우 기기 설정에서 앱 내 결제기능 사용 여부를 선택할 수 있습니다. 초 절정 인기 퍼즐게임 캔디크러쉬사가 for Kakao를 Android 휴대폰과 태블릿에서 즐기세요! -------------------------------  티피 그리고 토피 아저씨와 함께 캔디가 가득한 세상으로 멋진 모험을 떠나요.  캔디를 깨며 스테이지를 깨는 재미가 최고인 이 게임을 혼자 또는 친구들과 서로 점수를 겨루며 즐겨보세요! -------------------------------  캔디크러쉬사가 for Kakao의 특징:  ● 보는 눈을 즐겁게 하는 원색 캔디 향연의 그래픽  ● 쉽고 재미있지만 동시에 도전의식을 한껏 자극하는 게임 ● 500개 이상의 다양한 레벨 ● 나와 내 카카오 친구들의 랭킹 ● 레벨 클리어와 함께 아이템 잠금 해제 ● 어려운 레벨의 공략을 도와줄 부스터와 마법 -------------------------------  캔디크러쉬사가를 사랑해주시는 여러분 모두에게 진심으로 감사의 말씀을 드립니다! * 캔디크러쉬사가 공식 커뮤니티: http://cafe.naver.com/candycrushsaga	//www.youtube.com/embed/e6OA4pjCD_A	/mo/62.png	/mo/63.jpg		1	2	3	5	
시뮬레이션,아케이드	Android,iOS	Minecraft - Pocket Edition	Mojang		2011.08.16	콘텐츠 수위 - 하	가장 큰 규모로 업데이트된 Minecraft: Pocket Edition을 소개합니다 완전히 새로워진 차세대 버전입니다. 지금 다운로드하여 직접 확인하세요! Minecraft는 블록을 쌓고 새로운 모험을 떠나는 게임입니다. Pocket Edition에는 서바이벌 및 크레에이티브 모드, Wi-Fi 네트워크를 사용하는 멀티플레이어 방식, 무한대의 월드, 동굴, 바이옴, 몹, 마을 등을 포함되어 있습니다. 언제든지 자유자재로 원하는 것을 만들고 월드를 탐색해 보세요.  이동 중에도 Minecraft를 얼마든지 즐길 수 있게 되었습니다. 	//www.youtube.com/embed/D2Z9oKTzzrM	/mo/64.png	/mo/65.jpg		1	2	4	5	
소셜게임,슈팅,아케이드	Android,iOS	드래곤 플라이트 for Kakao	Next Floor Corp.		2012.06.18	콘텐츠 수위 - 하	판타지나 드래곤을 좋아하시나요? 아니면 하늘을 나는 것은 어떠세요? 복잡하기만 하고 실속없는 게임은 싫으시죠? 그렇다면 이 게임을 추천해드립니다. 지금까지 없었던 신개념의 비행질주게임, 드래곤 플라이트. 드래곤 플라이트는 앞에 놓인 적들을 마법으로 제압하고 그 공간으로 빠져나가 더 멀리 날아갈 수 있는 게임입니다. 스킬업을 통해 더 강력한 마법을 갖추고, 각종 아이템으로 위기상황을 모면해 보세요. ■ 카카오톡에 등록되어 있는 친구들과 함께 새로워진 랭킹시스템을 즐기세요! 많은 친구들이 등록될수록 게임은 재미있어집니다. 친구를 초대하고 함께 질주를 즐기세요! ■ 쉬운 조작. 드래곤플라이트는 한손으로 단말기를 잡고 엄지손가락만으로 플레이가 가능합니다. 그럼 게임이 너무 단순해지지 않냐고요? 절대 아닙니다. 조작은 쉽지만 다채로운 상황이 게임을 깊이있게 만들겁니다! ■ 5초만에 끝나는 튜토리얼. 설치도 금방. 적응도 금방. 드래곤플라이트는 튜토리얼을 접하지 않고도 바로 게임에 적응하실 수 있습니다. ■ 부분 유료 결제에 문제가 있으실 경우 http://nextfloor.com/FAQ_DF_01.html 이곳을 참조해주세요. 최대한 빠르게 문제를 해결해드리도록 하겠습니다. ■ 렉 현상이 심하실 경우 안드로이드 운영체제의 '절전 모드' 가 켜져 있는지 확인해보시기 바랍니다. ---- 개발자 연락처 : Tel. 1661-4184 사업자 등록 번호 : 120-87-89182 통신 판매업 신고 번호 : 제2012-서울강남-02872호 서울시 강남구 대치동	//www.youtube.com/embed/280ThzPlG8g	/mo/66.png	/mo/67.jpg		1	2	3	3	
퍼즐,소셜게임	Android,iOS	애니팡 사천성 for Kakao	SUNDAYTOZ, INC		2013.02.18	전체 가능	★애니팡 사천성 소개★ 국민 게임 애니팡 사천성!   올라 갈수록 먹음직한 음식 블록이 한가득!! 1000 스테이지가 넘는 다양한 모양의 맵과  게임을 방해하는 못된 블록에  다양한 효과를 가진 특수 패들까지 새로운 재미가 숑숑!!  랭킹 모드와 월드 모드 2가지의 재미를 동시에 느껴보세요!! 멈출 수 없는 1분의 즐거움, 애니팡 사천성+..+/ 맛있는 음식이 가득한 거대한 푸드트리를 탐험하세요! 콕콕~! ★애니팡 사천성 공식 블로그★ http://blog.naver.com/anipangsc ★애니팡 사천성 고객센터★ https://sachun.zendesk.com/anonymous_requests/new ★선데이토즈 홈페이지★ http://sundaytoz.com/ ---- 개발자 연락처 : 경기도 성남시 분당구 서현동 250-2 5층 사업자 등록번호 : 107-87-32726 통신판매업신고번호 : 2012-경기성남-0799 통신판매업신고 받은 기관 : 성남시청 전화번호 : 070-4351-6211	//www.youtube.com/embed/DJtOdjoRnVg	/mo/68.png	/mo/69.jpg		1	3	2	2	
소셜게임,어드벤처	Android,iOS	쉽팜 인 슈가랜드 for Kakao	PATI Games Corp.		2014.02.06	전체 가능	파티게임즈의 새로운 친구 달콤달콤 양치기 SNG! 쉽팜 인 슈가랜드, 상상만 해도 즐거운 판타지 월드가 있는 곳! 코튼 캔디 힐에서 양치기를 하며 살아가는 작은 소녀 미쉘. 평화롭던 그곳에 갑작스러운 대화재와 알 수 없는 일들이! 어지러운 슈가랜드를 구할 수 있는 사람은 세상에 단 한 명뿐인 '전설의 양치기'!!! 전설의 양치기의 숨겨진 이야기와 미쉘이 바라는 슈가랜드의 평화로운 모습. 과연 슈가랜드는 과거의 아름다운 모습으로 돌아갈 수 있을까요 ◆한 편의 애니메이션을 보는듯한 퀘스트◆ 퀘스트를 열심히 진행하며 밝혀지는 이야기도 보고 코튼 캔디 힐 마을 사람들의 코믹한 모습도 보고! 스토리와 함께 업데이트되는 재밌는 만화!! ◆맛있어 보이는 세계◆ 헨젤과 그레텔을 능가하는 먹고 싶은 집들과 장식품들 거기에 크림으로 된 나무들과 다양한 먹거리를 모티브로 한 집들! ◆유원지를 내 농장에! 신나는 놀이기구◆ 양들도 이제는 즐기는 시대가 왔다!  시소도 타고 그네도 타고~ 심지어 그림도 그리고 TV도 본다고?! 기상천외한 양들의 사생활! ◆추억 가득한 내 양을 색다른 모습으로! 양 코디◆ 익숙한 이름으로 나와 함께 추억을 나눴던 양들... 하지만 이젠 색다른 모습도 보고 싶다고? 걱정 NO! 양을 위한 코디 시스템으로 이름은 같지만 색다른 모습으로 쉽게! 이젠 우리 양들도 패션왕! ◆ 쉽팜 인 슈가랜드 공식팬페이지 바로가기 ◆ - http://cafe.naver.com/patistudio ---- 개발자 연락처 : (주)파티게임즈  135-877 서울특별시 강남구 테헤란로 79길 6 JS타워 3층 1661-4390	//www.youtube.com/embed/vymnIlJUdYI	/mo/70.png	/mo/71.png		1	1	3	2	
MMORPG	Android,iOS	아이모 (The World of Magic)	Com2uS USA		2011.12.20	콘텐츠 수위 - 중	★★구글 플레이 스토어 금주의 추천 게임으로 선정! 전세계 120만 유저와 실시간으로 즐기는 MMORPG 마법 세상 《아이모:The World of Magic》 국내 최초의 모바일 MMORPG ☆아이모☆가 더 높은 퀄리티와 더 방대한 세계를 안고 돌아왔습니다!  매일매일 진행되는 다양한 이벤트, 풍부한 퀘스트, 화려한 스킬, 아기자기한 멋이 있는 아이템과 나만 따르는 애완동물, 채팅, 길드, 파티, 보스 몬스터, 희귀 아이템, 경매장, PVP, 전장… 이 모든게 빠짐없이 손 안으로 쏘옥~! 자신의 진영을 선택하고, 자신의 왕국이 승리할 수 있도록 전쟁에 참여해보세요. 혹은 혼자 떠나는 모험과 방랑의 길도 좋습니다. 원하는 대로, 상상하는 대로 즐길 수 있는 손안의 마법 세계, 아이모:The World of Magic! 지금 바로, 전세계 120만 유저들과 함께 제약없는 자유로운 모험과 마법의 세계에 푹 빠져보세요! 더 자유롭고 더 즐겁게 아이모의 마법 세상에서 환상적인 모험을 마음껏 즐겨주세요! ■■■게 임 특 징■■■ - 실시간으로 전세계 유저들과 함께할 수 있는 MMORPG - 전사, 레인저, 마법사. 3개의 직업과 직업별로 가능한 개성있고 다양한 스킬 - 시라스 제국 VS 라노스 왕국. 2개 진영간의 PvP와 전장 - 다양한 무기, 방어구, 펫 장착으로 플레이어만의 독특한 캐릭터 코스츔 설정 - 길드와 파티를 통한 흥미진진한 게임 플레이 - 경매장, 파티 플레이, 길드, 채팅 등 다양한 기능 - 3G 네트워크와 Wi-Fi를 통한 제약 없는 실시간 게임 플레이 지원 - 한글, 영어 지원 - 항상 새로운 컨텐츠를 준비중입니다. 업데이트를 기대하세요! • 본 게임은 부분유료 아이템 구매가 가능합니다. 부분유료 아이템 구매시 추가 비용이 발생할 수 있으며,  부분유료 아이템은 종류에 따라 청약철회가 가능 또는 제한될 수도 있습니다.  • 본 게임의 이용과 관련된 조건(계약해지/청약철회 등)은 게임 내 또는  컴투스 모바일 게임 서비스 이용약관(홈페이지에서 확인 가능, http://www.withhive.com)에서 확인하실 수 있습니다.  • 본 게임과 관련된 문의/상담은 게임 소개 페이지 하단의 '개발자에게 직접 문의하기', 카카오톡 아이디 : Com2uSGames, E-mail : Support@com2us.com, 컴투스 홈페이지 로그인 후 '1:1 문의하기'를 통해 하실 수 있습니다.	//www.youtube.com/embed/5TouJZ1N8x0	/mo/72.png	/mo/73.jpg		1	4	3	5	
전략시뮬레이션	Android,iOS	붐비치(Boom beach)	Supercell		2014.03.27	콘텐츠 수위 - 하	해안으로 돌격해 적을 소탕하세요! Boom Beach는 사악한 블랙가드에 맞서 대규모 전쟁을 치르는 전투 전략 게임입니다. 강력한 군대를 조직해 적에게 침략당한 아름다운 섬을 되찾으세요. 여러 섬에서 전투를 치뤄 섬 주민들을 해방하고 미지의 바다를 탐험해야 합니다. 전투에 승리하면 섬에 숨겨진 고대의 힘도 차지하여 이용할 수 있습니다. 화끈한 전투를 즐길 준비가 되셨나요? 알려드립니다! Boom Beach는 무료 플레이 게임입니다. 하지만 일부 게임 아이템은 현금으로 구매할 수 있습니다. 이 기능을 사용하지 않으려면 Google Play 스토어 앱 설정에서 구매 시 비밀번호를 입력하도록 설정하세요. 특징 - 위험과 보물이 가득한 거대한 열대 군도를 탐험 - 수천에 달하는 다른 플레이어를 상대로 기지를 습격하고 전리품을 획득 - 사악한 블랙가드가 점령한 수많은 섬 기지를 탈환 - 강력한 적의 보스와 싸우고 적의 음모를 폭로 - 고대 조각상과 생명 수정의 신비를 발굴 당사의 이용 약관과 개인정보 취급방침에 따라, Boom Beach는 13세 이상만 보호자의 동의 없이 다운로드 및 플레이할 수 있습니다. 게임 관련 문의는 고객센터로 문의주시기 바랍니다. 게임 내 문의: 게임 내 설정 - 도움말 - 연락하기  전화번호: 1688-6276 (오전 10시 - 오후 6시, 주말 및 공휴일은 휴무) 공식 페이스북 페이지 https://www.facebook.com/BoomBeachGame 개인 정보 보호 정책 및 이용 약관  http://boombeach.co.kr/legal.php	//www.youtube.com/embed/PBFsbl_XuNQ	/mo/74.png	/mo/75.png		2	3	4	4 3
액션	Windows	사이퍼즈	㈜네오플	㈜네오플	2011.06.07	15세이용가	사이퍼즈'는 언리얼 엔진으로 개발된 3D AOS 게임이다. 여러 사람과 팀을 이루어 각자 개성 있는 캐릭터를 조작해 상대 팀의 건물을 파괴하는 게임 방식을 채택했다. 팀웍을 통한 전략적인 재미와 화려한 액션, 강하고 특색 있는 자신만의 캐릭터를 육성하는 묘미, 다양한 지형으로 구성된 맵 등을 게임에서 만날 수 있다.	//www.youtube.com/embed/XUBHDlwrJt8	/ch/Cyphers1.jpg	/ch/Cyphers2.jpg		2	5	4	3	2
MMORPG	Windows	마비노기	데브캣	㈜넥슨	2004.06.22	12세이용가	마비노기'는 지루하게 반복되는 싸움이 아닌 교감과 소통, 이해와 사랑이 있는 판타지 세계에서의 낭만을 체험하는 것을 주요 콘텐츠로 내세운 MMORPG다. 카툰 랜더링 기법을 사용하여 게임의 그래픽을 애니메이션과 같은 느낌으로 구현했으며, 자신만의 음악을 만들거나 각종 재료를 채집하여 생활용품을 만드는 등의 생활 콘텐츠를 다양하게 지원한다.	//www.youtube.com/embed/tZXCxdCX5BI	/ch/Mabin1.jpg	/ch/Mabin2.jpg		5	3	2	3	2
FPS	Windows	워록	드림익스큐션	드림익스큐션	2005.05.05	15세이용가	워록'은 '배틀필드' 시리즈처럼 육, 해, 공 탑승 시스템을 모두 구현하는 한편 세계 주요 군사 국가들의 실제 무기 고증을 거쳐 사실적으로 구현한 온라인 FPS 게임이다. 실제 지형을 토대로한 맵과 캐릭터의 사실적인 움직임, 다양한 전략적 요소를 가미했다. 게임에는 5가지 병종이 등장한다.	//www.youtube.com/embed/aNIXDeb35kg	/ch/Warock1.jpg	/ch/Warock2.jpg		2	4	3	3	1
FPS	Windows	서든어택	㈜넥슨지티	㈜넥슨 코리아	2007.04.11	15세이용가	서든어택'은 실제 존재하는 무기를 소재로 삼은 1인칭 온라인 슈팅(FPS) 게임이다. '서든어택'은 간편한 조작법과 빠른 진행, 간결한 인터페이스, 낮은 사양, 매니아부터 초보 유저에 이르기까지 누구나 쉽게 즐길 수 있도록 낮춘 진입 장벽 등을 장점으로 내세웠다.	//www.youtube.com/embed/buwLuHleMQY	/ch/Sudden1.jpg	/ch/Sudden2.jpg		2	4	3	3	1
FPS	Windows	카운터 스트라이크 온라인	밸브소프트웨어	㈜넥슨	2010.08.10	15세이용가	카운터 스트라이크 온라인'은 '하프라이프'의 'MOD'로 처음 등장한 동명의 원작을 온라인으로 개발한 FPS 게임이다. 테러리스트와 카운터 테러리스트의 대결을 소재로 삼은 '카운터 스트라이크 온라인'은 적을 죽이고 미션을 성공하면서 얻은 돈으로 장비를 사는 '장비 구입 시스템'과 개성 있는 캐릭터, 실제 총기를 사용하는 듯한 타격감 등을 특징으로 내세웠다.	//www.youtube.com/embed/zv6NxZJJin8	/ch/Count1.png	/ch/Count2.jpg		3	4	3	3	1
액션,RPG	Windows	던전 스트라이커	아이덴티티게임즈	NHN 한게임	2014.03.07	15세이용가	던전스트라이커'는 SD(Super Deformed) 캐릭터를 내세운 액션 RPG다. 복잡한 조작 방식과 제한적인 클래스 육성 시스템, 긴 플레이 시간 등의 장애 요인을 제거하고 액션 RPG 본연의 재미를 강조하는데 중점을 뒀다. '뉴 던전스트라이커'는 1초에 최대 10번 타격할 수 있는 초고속 액션, 귀여운 캐릭터와 개성 있는 스킬, 다양한 직업 스킬을 원하는대로 조합할 수 있는 자유로운 직업선택 시스템, 완성도 높은 게임성과 차별화된 콘텐츠 등을 특징으로 내세웠다.	//www.youtube.com/embed/10isDeWg9_s	/ch/DungeonS1.png	/ch/DungeonS2.jpg		4	3	2	4	2
대전액션	Windows	겟앰프드	사이버스텝엔터테인먼트㈜	윈디소프트	2002	15세이용가	겟앰프드'는 300여 가지가 넘는 다양한 전투 아이템(액세서리)를 이용하여 화려한 전투를 벌이는 대전 격투 게임이다. 강력한 스킨 편집 기능을 지원하여 플레이어가 자기만의 캐릭터를 직접 만들 수 있다. 대전 모드 뿐 아니라 대전 스포츠를 즐길 수 있는 '스포츠 매치', 팀인원 중 한 명이 '왕'이 되어 왕좌전을 즐기는 '킹 매치', 자신만의 공간을 꾸밀 수 있는 '마이룸' 등의 콘텐츠를 제공한다.	//www.youtube.com/embed/lhaI6ILsycc	/ch/Getamped1.png	/ch/Getamped2.jpg		2	4	3	4	1
액션,RPG	Windows	엘소드	㈜케이오지	㈜넥슨	2007.12.27	전체이용가	엘소드'는 빠르고 박진감 넘치는 액션과 쉬운 조작을 통한 다양한 '콤보 시스템'을 특징으로 내세운 액션 RPG다. 퀘스트(임무)를 진행하고 변신 및 소환을 통해 캐릭터를 성장시키는 등의 RPG 요소를 강화했다. 이 밖에 '엘소드'는 2D 그래픽의 쉬운 조작감과 3D 그래픽의 입체감을 동시에 느낄 수 있도록 구성된 '3D 라인맵'과 차별화된 맵 시스템, 화려한 전투 연출과 극대화한 이펙트를 특징으로 내세웠다.	//www.youtube.com/embed/Xc7xoW5lw6g	/ch/Elsword1.jpg	/ch/Elsword2.jpg		3	3	2	3	2
스포츠	Windows	피파 온라인 3	EA	㈜넥슨	2012.12.18	전체이용가	피파 온라인 3'는 차세대 기술력을 바탕으로 한 향상된 전략플레이와 생생한 그래픽을 지원하며, 이를 통해 한층 사실적이고 생동감 넘치는 게임 플레이 경험을 제공할 예정이다. 전세계 40개 국가 대표팀과 30개 리그에 소속된 15,000여 명에 달하는 실제 선수들의 모습 및 최신 라인업 정보가 그대로 반영된다. 또한 업그레이드된 인공지능 및 애니메이션 효과와 더불어 5:5 멀티플레이 대전 등 새로운 기술과 기능이 적용된다.	//www.youtube.com/embed/mr_00yLXzRI	/ch/Fifa1.jpg	/ch/Fifa2.jpg		1	5	3	2	1
MMORPG	Windows	블레이드 & 소울	블러드러스트	엔씨소프트	2012.06.30	청소년이용불가	블레이드앤소울'은 '아이온'에 이은 엔씨소프트의 신작 MMORPG로, 동양의 멋과 세계관을 녹여낸 무협 게임이다. 질주와 경공, 활강, 강화 등으로 극대화된 액션과 아트 디렉터 김형태가 창조한 매력적인 캐릭터를 확인할 수 있다. 게임에는 진, 건, 곤, 린 등 4가지 종족과 6가지 직업이 등장한다.	//www.youtube.com/embed/c_6DsCYy9z4	/ch/Blade1.png	/ch/Blade2.jpg		5	3	3	3	2
MMORPG	Windows	이카루스	위메이드엔터테인먼트	위메이드엔터테인먼트	-	18세이용가	이카루스'는 중세 유럽 스타일로 사실감 있게 표현된 판타지 세계에서 활약하는 용맹한 영웅들의 이야기를 그린 MMORPG다. 기존 '네드'라는 이름으로 개발 중이었던 '이카루스'는 화려하고 정교한 전투, 각종 비행 펠로우(몬스터)에 탑승해서 펼치는 대규모 '공중 전투 시스템'을 특징으로 내세웠다	//www.youtube.com/embed/bd8ko7CiekQ	/ch/Icarus1.jpg	/ch/Icarus2.jpg		4	3	3	4	3
대전액션	Windows	그랜드체이스	KOG	넷마블게임즈	-	전체이용가	그랜드체이스'는 자신이 원하는 캐릭터를 선택하여 개인 또는 팀을 이루어 대전을 벌일 수 있는 3D 대전 액션 게임이다. 화려한 마법과 액션, 누구나 쉽게 익힐 수 있는 간단한 키 조작, 3D 카툰 랜더링을 통한 자연스러운 캐릭터 움직임, 개인전과 단체전 뿐 아니라 다양하게 즐길 수 있는 대전 모드 등을 특징으로 내세웠다	//www.youtube.com/embed/GS2i5xqfoY8	/ch/Grandchase1.jpg	/ch/Grandchase2.jpg		4	4	2	3	1
TCG	Windows	하스스톤: 워크래프트의 영웅들	블리자드	블리자드코리아	-	12세이용가	하스스톤: 워크래프트의 영웅들'은 '워크래프트' 세계를 기반으로 개발된 온라인 전략 카드 게임이다. 플레이어는 카드를 펼쳐 주문을 시전하고 부하를 소환하여 '워크래프트'에 등장하는 영웅을 조작하여 다른 유저와 대전을 펼칠 수 있다. 수백 장의 카드를 모아서 자기만의 덱을 구성할 수 있으며, 스랄과 우서, 굴단 등 아제로스 최고의 전략가들과 연습 시합을 즐길 수 있다	//www.youtube.com/embed/o84Y_cSjVyE"	/ch/Hearthstone1.jpg	/ch/Hearthstone2.jpg		2	1	3	2	3
리듬액션	Windows	오디션 3: 월드 인 오디션	T3엔터테인먼트	한빛소프트	-	전체이용가	오디션 3'은 리듬 액션 게임 '클럽 오디션'의 후속작으로, '오디션' 시리즈 세 번째 작품이다. '클럽 오디션'의 기본 틀이자 강점이었던 음악 모드에 다이내믹한 '크레이지'와 비트 중심의 게임 모드 '별찌' 등 신규 모드가 추가되었으며, 친구를 관리하거나 개인 스케쥴을 정리하는 등 커뮤니티 기능이 도입되었다	//www.youtube.com/embed/RKx2zuuTBx0	/ch/audition1.jpeg	/ch/audition2.jpg		1	3	2	2	2
퍼즐	Windows,Android,iOS	모두의마블	넷마블엔투	넷마블게임즈	-	전체이용가	모두의마블'은 전세계 도시의 건물을 사고파는 인기 보드 게임의 재미를 온라인으로 그대로 구현해 동료, 친구, 가족 등 전 연령층이 함께 소통하며 즐길 수 있는 가족용 게임이다. 10 ~ 20분 내에 주사위 보드게임의 재미를 온라인으로 쉽고 빠르게 즐길 수 있으며, 최대 4명이 즐길 수 있는 개인전을 기반으로 2명씩 팀을 이뤄 팀전도 가능하다	//www.youtube.com/embed/cY5kG7x-pdk	/ch/moma1.jpeg	/ch/moma2.png		1	1	2	2	3
레이싱	Windows,Android,iOS	카트라이더	넥슨	넥슨	-	전체이용가	카트라이더'는 크레이지 아케이드 비엔비의 캐릭터가 등장하여 다양한 코스에서 레이싱을 즐기는 게임이다. 쉽고 간편한 조작으로 누구나 쉽게 즐길 수 있다는 점을 특징으로 내세운 '카트라이더'는 사막, 마을, 숲 속, 빙하 등 다양한 테마로 구성된 3차원 트랙, 아이템전과 스피드전, 싱글 모드, 배틀 모드 등의 다양한 게임 모드, 실력에 따라 편성된 채널 시스템 등의 콘텐츠를 탑재했다	//www.youtube.com/embed/2T8ZctoCpfc	/ch/kart1.jpg	/ch/kart2.jpeg		2	4	3	3	2
